{
  "input_size": 3883,
  "output_size": 214,
  "hidden_sizes": [
    1024,
    1024,
    1024
  ],
  "lr": 0.00019423415438178556,
  "weight_decay": 8.62022042601805e-05,
  "batch_size": 128,
  "max_epochs": 50,
  "dropout_rate": 0.345468869051233,
  "activation": "selu",
  "optimizer": "sgd_momentum",
  "learning_rate_schedule": "step",
  "batch_norm": "false"
}