{
  "error": 0.04241853766143322,
  "elapsed_time": 1218.6172065734863,
  "timestamp": "2025-04-29T22:50:01.793449",
  "additional_info": {
    "training_time": 1218.6172065734863,
    "epochs": 500,
    "final_train_loss": null
  }
}