{
  "error": 0.011141007921348015,
  "elapsed_time": 58.90698218345642,
  "timestamp": "2025-04-30T10:04:10.795911",
  "additional_info": {
    "training_time": 58.90698218345642,
    "epochs": 50,
    "final_train_loss": null
  }
}