{
  "input_size": 3883,
  "output_size": 214,
  "hidden_sizes": [
    4096,
    2048,
    1024,
    512
  ],
  "lr": 0.0003756942338201748,
  "weight_decay": 2.5307196127108794e-06,
  "batch_size": 32,
  "max_epochs": 200,
  "dropout_rate": 0.10086523116511792,
  "activation": "selu",
  "optimizer": "adamw",
  "learning_rate_schedule": "exponential",
  "batch_norm": "true"
}