{
  "error": 0.028830783619057564,
  "elapsed_time": 2527.670930624008,
  "timestamp": "2025-04-29T22:17:23.786772",
  "additional_info": {
    "training_time": 2527.670930624008,
    "epochs": 200,
    "final_train_loss": null
  }
}