{
  "error": 0.03155430457131429,
  "elapsed_time": 537.6115536689758,
  "timestamp": "2025-04-29T21:10:47.274665",
  "additional_info": {
    "training_time": 537.6115536689758,
    "epochs": 150,
    "final_train_loss": null
  }
}