{
  "error": 0.0682930089533329,
  "elapsed_time": 100.6130018234253,
  "timestamp": "2025-04-29T14:26:59.155521",
  "additional_info": {
    "training_time": 100.6130018234253,
    "epochs": 100,
    "final_train_loss": null
  }
}