{
  "error": 0.013081311093022427,
  "elapsed_time": 158.51323747634888,
  "timestamp": "2025-04-30T10:21:41.315902",
  "additional_info": {
    "training_time": 158.51323747634888,
    "epochs": 50,
    "final_train_loss": null
  }
}