{
  "error": 0.058025289504300984,
  "elapsed_time": 473.946982383728,
  "timestamp": "2025-04-24T14:52:56.466330",
  "additional_info": {
    "training_time": 473.946982383728,
    "epochs": 100,
    "final_train_loss": null
  }
}