{
  "error": 0.06764826790562697,
  "elapsed_time": 260.287978887558,
  "timestamp": "2025-04-24T15:46:42.189875",
  "additional_info": {
    "training_time": 260.287978887558,
    "epochs": 50,
    "final_train_loss": null
  }
}