{
  "error": 0.05345169525770914,
  "elapsed_time": 125.88366961479187,
  "timestamp": "2025-04-29T19:43:38.996601",
  "additional_info": {
    "training_time": 125.88366961479187,
    "epochs": 50,
    "final_train_loss": null
  }
}