{
  "input_size": 3883,
  "output_size": 214,
  "hidden_sizes": [
    2048,
    1024,
    512,
    256
  ],
  "lr": 0.00012276205337832406,
  "weight_decay": 4.872526229872036e-06,
  "batch_size": 128,
  "max_epochs": 300,
  "dropout_rate": 0.3600182682730372,
  "activation": "elu",
  "optimizer": "sgd_momentum",
  "learning_rate_schedule": "cosine",
  "batch_norm": "false"
}