{
  "error": 0.011402425610206345,
  "elapsed_time": 305.68301248550415,
  "timestamp": "2025-04-29T20:09:30.694861",
  "additional_info": {
    "training_time": 305.68301248550415,
    "epochs": 200,
    "final_train_loss": null
  }
}