{
  "error": 0.06042436080142146,
  "elapsed_time": 253.8298041820526,
  "timestamp": "2025-04-29T14:11:31.760205",
  "additional_info": {
    "training_time": 253.8298041820526,
    "epochs": 100,
    "final_train_loss": null
  }
}