{
  "input_size": 3883,
  "output_size": 214,
  "hidden_sizes": [
    512,
    256,
    128
  ],
  "lr": 0.00010868027464047095,
  "weight_decay": 9.722712197452003e-05,
  "batch_size": 128,
  "max_epochs": 200
}