{
  "error": 0.02964811896284421,
  "elapsed_time": 77.35442113876343,
  "timestamp": "2025-04-24T11:44:56.055411",
  "additional_info": {
    "training_time": 77.35442113876343,
    "epochs": 100,
    "final_train_loss": null
  }
}