{
  "error": 0.08879265437523524,
  "elapsed_time": 1021.569479227066,
  "timestamp": "2025-04-20T15:39:37.170153",
  "additional_info": {
    "training_time": 1021.569479227066,
    "epochs": 100,
    "final_train_loss": null
  }
}