{
  "error": 0.030254888037840526,
  "elapsed_time": 80.32043242454529,
  "timestamp": "2025-04-24T13:13:22.343206",
  "additional_info": {
    "training_time": 80.32043242454529,
    "epochs": 100,
    "final_train_loss": null
  }
}