{
  "error": 0.07890037108551372,
  "elapsed_time": 1613.9736886024475,
  "timestamp": "2025-04-29T23:50:36.981601",
  "additional_info": {
    "training_time": 1613.9736886024475,
    "epochs": 400,
    "final_train_loss": null
  }
}