{
  "error": 0.0637687077479703,
  "elapsed_time": 563.2845952510834,
  "timestamp": "2025-04-24T14:54:30.185253",
  "additional_info": {
    "training_time": 563.2845952510834,
    "epochs": 50,
    "final_train_loss": null
  }
}