{
  "input_size": 3883,
  "output_size": 214,
  "hidden_sizes": [
    4096,
    2048,
    1024
  ],
  "lr": 7.852817103085164e-05,
  "weight_decay": 8.262111618519662e-06,
  "batch_size": 16,
  "max_epochs": 600,
  "dropout_rate": 0.24263993713815785,
  "activation": "leaky_relu",
  "optimizer": "adam",
  "learning_rate_schedule": "step",
  "batch_norm": "true"
}