{
  "error": 0.02471625787967985,
  "elapsed_time": 689.1482157707214,
  "timestamp": "2025-04-30T00:55:39.084607",
  "additional_info": {
    "training_time": 689.1482157707214,
    "epochs": 600,
    "final_train_loss": null
  }
}