{
  "error": 0.018096050501547077,
  "elapsed_time": 106.26678037643433,
  "timestamp": "2025-04-30T10:44:01.127727",
  "additional_info": {
    "training_time": 106.26678037643433,
    "epochs": 100,
    "final_train_loss": null
  }
}