{
  "error": 0.020966732027855785,
  "elapsed_time": 796.461834192276,
  "timestamp": "2025-04-24T15:38:04.208894",
  "additional_info": {
    "training_time": 796.461834192276,
    "epochs": 300,
    "final_train_loss": null
  }
}