{
  "error": 0.014742713929577307,
  "elapsed_time": 2602.342789888382,
  "timestamp": "2025-04-29T21:26:38.095713",
  "additional_info": {
    "training_time": 2602.342789888382,
    "epochs": 600,
    "final_train_loss": null
  }
}