{
  "error": 0.009946323775996765,
  "elapsed_time": 740.814754486084,
  "timestamp": "2025-04-24T15:35:03.484439",
  "additional_info": {
    "training_time": 740.814754486084,
    "epochs": 200,
    "final_train_loss": null
  }
}