{
  "input_size": 3883,
  "output_size": 214,
  "hidden_sizes": [
    1024,
    1024,
    1024
  ],
  "lr": 0.0002730519949204902,
  "weight_decay": 1.1357510741203333e-06,
  "batch_size": 16,
  "max_epochs": 600,
  "dropout_rate": 0.4200607513706094,
  "activation": "sigmoid",
  "optimizer": "rmsprop",
  "learning_rate_schedule": "cosine",
  "batch_norm": "false"
}