{
  "error": 0.04267705511301756,
  "elapsed_time": 2183.853833913803,
  "timestamp": "2025-04-30T00:07:04.386357",
  "additional_info": {
    "training_time": 2183.853833913803,
    "epochs": 600,
    "final_train_loss": null
  }
}