{
  "input_size": 3883,
  "output_size": 214,
  "hidden_sizes": [
    2048,
    1024,
    512,
    256
  ],
  "lr": 0.0063822863504631,
  "weight_decay": 0.00026936439163179407,
  "batch_size": 16,
  "max_epochs": 600,
  "dropout_rate": 0.45662027627823565,
  "activation": "leaky_relu",
  "optimizer": "sgd_momentum",
  "learning_rate_schedule": "none",
  "batch_norm": "false"
}