{
  "error": 0.06252278165803068,
  "elapsed_time": 4384.635077953339,
  "timestamp": "2025-04-24T16:15:32.615131",
  "additional_info": {
    "training_time": 4384.635077953339,
    "epochs": 200,
    "final_train_loss": null
  }
}