{
  "error": 0.06210901029407978,
  "elapsed_time": 412.9463768005371,
  "timestamp": "2025-04-30T11:27:46.530839",
  "additional_info": {
    "training_time": 412.9463768005371,
    "epochs": 600,
    "final_train_loss": null
  }
}