{
  "input_size": 3883,
  "output_size": 214,
  "hidden_sizes": [
    4096,
    2048,
    1024
  ],
  "lr": 0.001384944932074332,
  "weight_decay": 6.841671828013809e-05,
  "batch_size": 64,
  "max_epochs": 200,
  "dropout_rate": 0.28301860524703815,
  "activation": "elu",
  "optimizer": "adam",
  "learning_rate_schedule": "step",
  "batch_norm": "true"
}