{
  "error": 0.03671256131069227,
  "elapsed_time": 1291.029530286789,
  "timestamp": "2025-04-24T15:23:27.819955",
  "additional_info": {
    "training_time": 1291.029530286789,
    "epochs": 200,
    "final_train_loss": null
  }
}