{
  "error": 0.0160458756921192,
  "elapsed_time": 229.4775950908661,
  "timestamp": "2025-04-29T13:57:26.034799",
  "additional_info": {
    "training_time": 229.4775950908661,
    "epochs": 100,
    "final_train_loss": null
  }
}