{
  "error": 0.008238713800286254,
  "elapsed_time": 179.7392349243164,
  "timestamp": "2025-04-29T14:00:04.515186",
  "additional_info": {
    "training_time": 179.7392349243164,
    "epochs": 300,
    "final_train_loss": null
  }
}