{
  "error": 0.08689521120062896,
  "elapsed_time": 333.88587641716003,
  "timestamp": "2025-04-30T13:22:58.853420",
  "additional_info": {
    "training_time": 333.88587641716003,
    "epochs": 50,
    "final_train_loss": null
  }
}