{
  "error": 0.06418901442417077,
  "elapsed_time": 400.9847149848938,
  "timestamp": "2025-04-29T19:41:53.855134",
  "additional_info": {
    "training_time": 400.9847149848938,
    "epochs": 200,
    "final_train_loss": null
  }
}