{
  "error": 0.007969946678106984,
  "elapsed_time": 1630.002451658249,
  "timestamp": "2025-04-30T10:34:36.611811",
  "additional_info": {
    "training_time": 1630.002451658249,
    "epochs": 500,
    "final_train_loss": null
  }
}