{
  "error": 0.08568126566353299,
  "elapsed_time": 737.95312666893,
  "timestamp": "2025-04-30T10:46:17.076397",
  "additional_info": {
    "training_time": 737.95312666893,
    "epochs": 100,
    "final_train_loss": null
  }
}