{
  "input_size": 3883,
  "output_size": 214,
  "hidden_sizes": [
    1024,
    256
  ],
  "lr": 0.018352347180979306,
  "weight_decay": 5.32311458092889e-06,
  "batch_size": 128,
  "max_epochs": 500,
  "dropout_rate": 0.3808098076643588,
  "activation": "prelu",
  "optimizer": "adam",
  "learning_rate_schedule": "cosine",
  "batch_norm": "false"
}