{
  "error": 0.03449521462122599,
  "elapsed_time": 423.4649260044098,
  "timestamp": "2025-04-29T19:49:41.653447",
  "additional_info": {
    "training_time": 423.4649260044098,
    "epochs": 500,
    "final_train_loss": null
  }
}