{
  "error": 0.6206062299509844,
  "elapsed_time": 1711.3220555782318,
  "timestamp": "2025-04-29T21:46:55.034405",
  "additional_info": {
    "training_time": 1711.3220555782318,
    "epochs": 100,
    "final_train_loss": null
  }
}