{
  "error": 0.006004075830181439,
  "elapsed_time": 549.4095356464386,
  "timestamp": "2025-04-24T15:32:55.319207",
  "additional_info": {
    "training_time": 549.4095356464386,
    "epochs": 200,
    "final_train_loss": null
  }
}