{
  "error": 0.03485383031268915,
  "elapsed_time": 388.05797481536865,
  "timestamp": "2025-04-29T23:36:51.429596",
  "additional_info": {
    "training_time": 388.05797481536865,
    "epochs": 200,
    "final_train_loss": null
  }
}