{
  "error": 0.09152743592858315,
  "elapsed_time": 85.62903451919556,
  "timestamp": "2025-04-29T20:52:37.824145",
  "additional_info": {
    "training_time": 85.62903451919556,
    "epochs": 50,
    "final_train_loss": null
  }
}