{
  "error": 0.03215915946797891,
  "elapsed_time": 324.5234649181366,
  "timestamp": "2025-04-29T22:32:25.407723",
  "additional_info": {
    "training_time": 324.5234649181366,
    "epochs": 150,
    "final_train_loss": null
  }
}