{
  "error": 0.047764928390582405,
  "elapsed_time": 314.1369445323944,
  "timestamp": "2025-04-29T20:38:56.111408",
  "additional_info": {
    "training_time": 314.1369445323944,
    "epochs": 500,
    "final_train_loss": null
  }
}