{
  "error": 0.07133965628842513,
  "elapsed_time": 83.25899028778076,
  "timestamp": "2025-04-24T13:13:25.281701",
  "additional_info": {
    "training_time": 83.25899028778076,
    "epochs": 100,
    "final_train_loss": null
  }
}