{
  "error": 0.1416675920287768,
  "elapsed_time": 92.41530632972717,
  "timestamp": "2025-04-24T11:45:11.117783",
  "additional_info": {
    "training_time": 92.41530632972717,
    "epochs": 100,
    "final_train_loss": null
  }
}