{
  "error": 0.02100052001575629,
  "elapsed_time": 400.0384829044342,
  "timestamp": "2025-04-29T20:20:51.585438",
  "additional_info": {
    "training_time": 400.0384829044342,
    "epochs": 300,
    "final_train_loss": null
  }
}