{
  "error": 0.043349197755257286,
  "elapsed_time": 88.83635520935059,
  "timestamp": "2025-04-24T14:56:10.983436",
  "additional_info": {
    "training_time": 88.83635520935059,
    "epochs": 50,
    "final_train_loss": null
  }
}