{
  "error": 0.013282394036650658,
  "elapsed_time": 524.5524044036865,
  "timestamp": "2025-04-29T22:12:09.091444",
  "additional_info": {
    "training_time": 524.5524044036865,
    "epochs": 600,
    "final_train_loss": null
  }
}