{
  "input_size": 3883,
  "output_size": 214,
  "hidden_sizes": [
    4096,
    2048,
    1024
  ],
  "lr": 0.015989648982940332,
  "weight_decay": 0.0003220626495993124,
  "batch_size": 16,
  "max_epochs": 200,
  "dropout_rate": 0.20447647220713494,
  "activation": "leaky_relu",
  "optimizer": "adamw",
  "learning_rate_schedule": "none",
  "batch_norm": "true"
}