{
  "error": 0.8412007973307655,
  "elapsed_time": 3396.6315202713013,
  "timestamp": "2025-04-24T15:57:30.657787",
  "additional_info": {
    "training_time": 3396.6315202713013,
    "epochs": 200,
    "final_train_loss": null
  }
}