{
  "error": 0.07186065889185383,
  "elapsed_time": 2151.3761961460114,
  "timestamp": "2025-04-30T13:44:47.646219",
  "additional_info": {
    "training_time": 2151.3761961460114,
    "epochs": 500,
    "final_train_loss": null
  }
}