{
  "input_size": 3883,
  "output_size": 214,
  "hidden_sizes": [
    1024,
    256
  ],
  "lr": 0.00010035927878780911,
  "weight_decay": 0.0009647685075720097,
  "batch_size": 32,
  "max_epochs": 100
}