{
  "error": 0.029011759995704607,
  "elapsed_time": 173.89886212348938,
  "timestamp": "2025-04-24T11:46:32.598839",
  "additional_info": {
    "training_time": 173.89886212348938,
    "epochs": 100,
    "final_train_loss": null
  }
}