{
  "error": 0.05076651817018336,
  "elapsed_time": 2545.9905638694763,
  "timestamp": "2025-04-20T16:30:01.506476",
  "additional_info": {
    "training_time": 2545.9905638694763,
    "epochs": 50,
    "final_train_loss": null
  }
}