{
  "error": 0.03816881784725757,
  "elapsed_time": 520.3138647079468,
  "timestamp": "2025-04-24T13:20:42.337025",
  "additional_info": {
    "training_time": 520.3138647079468,
    "epochs": 100,
    "final_train_loss": null
  }
}