{
  "error": 0.10563597455620766,
  "elapsed_time": 185.05976033210754,
  "timestamp": "2025-04-24T15:01:32.021610",
  "additional_info": {
    "training_time": 185.05976033210754,
    "epochs": 100,
    "final_train_loss": null
  }
}