{
  "input_size": 3883,
  "output_size": 214,
  "hidden_sizes": [
    768,
    512,
    256
  ],
  "lr": 0.012007536673431476,
  "weight_decay": 1.222310935843224e-05,
  "batch_size": 64,
  "max_epochs": 400,
  "dropout_rate": 0.11004860704054853,
  "activation": "leaky_relu",
  "optimizer": "adam",
  "learning_rate_schedule": "none",
  "batch_norm": "true"
}