{
  "error": 0.012173526920378208,
  "elapsed_time": 207.82098126411438,
  "timestamp": "2025-04-29T21:00:30.392877",
  "additional_info": {
    "training_time": 207.82098126411438,
    "epochs": 300,
    "final_train_loss": null
  }
}