{
  "error": 0.03169975886968049,
  "elapsed_time": 57.621990442276,
  "timestamp": "2025-04-24T14:51:31.809598",
  "additional_info": {
    "training_time": 57.621990442276,
    "epochs": 100,
    "final_train_loss": null
  }
}