{
  "input_size": 3883,
  "output_size": 214,
  "hidden_sizes": [
    2048,
    1024,
    512
  ],
  "lr": 0.0001134959305351658,
  "weight_decay": 0.0007091074717067324,
  "batch_size": 16,
  "max_epochs": 500,
  "dropout_rate": 0.0433526059310918,
  "activation": "selu",
  "optimizer": "rmsprop",
  "learning_rate_schedule": "cosine",
  "batch_norm": "false"
}