{
  "error": 0.07045908015043963,
  "elapsed_time": 7163.762109279633,
  "timestamp": "2025-04-30T00:55:59.376300",
  "additional_info": {
    "training_time": 7163.762109279633,
    "epochs": 500,
    "final_train_loss": null
  }
}