{
  "error": 0.010446783698474368,
  "elapsed_time": 783.0240778923035,
  "timestamp": "2025-04-29T14:06:39.582222",
  "additional_info": {
    "training_time": 783.0240778923035,
    "epochs": 500,
    "final_train_loss": null
  }
}