{
  "error": 0.02509393272074786,
  "elapsed_time": 517.3389534950256,
  "timestamp": "2025-04-29T15:02:52.394662",
  "additional_info": {
    "training_time": 517.3389534950256,
    "epochs": 600,
    "final_train_loss": null
  }
}