{
  "error": 0.02618027563122186,
  "elapsed_time": 823.0260329246521,
  "timestamp": "2025-04-29T14:19:14.538658",
  "additional_info": {
    "training_time": 823.0260329246521,
    "epochs": 500,
    "final_train_loss": null
  }
}