{
  "error": 0.09702322703032266,
  "elapsed_time": 1957.5491344928741,
  "timestamp": "2025-04-29T20:10:20.240851",
  "additional_info": {
    "training_time": 1957.5491344928741,
    "epochs": 500,
    "final_train_loss": null
  }
}