{
  "error": 0.015997083772989838,
  "elapsed_time": 85.05550169944763,
  "timestamp": "2025-04-30T10:12:13.131613",
  "additional_info": {
    "training_time": 85.05550169944763,
    "epochs": 100,
    "final_train_loss": null
  }
}