{
  "input_size": 3883,
  "output_size": 214,
  "hidden_sizes": [
    1024,
    1024,
    1024
  ],
  "lr": 8.23533060736227e-05,
  "weight_decay": 1.8841368421034383e-06,
  "batch_size": 128,
  "max_epochs": 50,
  "dropout_rate": 0.2768515261729004,
  "activation": "tanh",
  "optimizer": "rmsprop",
  "learning_rate_schedule": "none",
  "batch_norm": "true"
}