{
  "error": 0.01192780009781321,
  "elapsed_time": 48.47735261917114,
  "timestamp": "2025-04-30T10:51:13.069793",
  "additional_info": {
    "training_time": 48.47735261917114,
    "epochs": 50,
    "final_train_loss": null
  }
}