{
  "error": 0.03111314649383227,
  "elapsed_time": 2094.711774587631,
  "timestamp": "2025-04-29T14:28:31.267509",
  "additional_info": {
    "training_time": 2094.711774587631,
    "epochs": 600,
    "final_train_loss": null
  }
}