{
  "input_size": 3883,
  "output_size": 214,
  "hidden_sizes": [
    1024,
    256
  ],
  "lr": 0.009772375402296194,
  "weight_decay": 7.465555774745703e-05,
  "batch_size": 16,
  "max_epochs": 300,
  "dropout_rate": 0.43573029509385885,
  "activation": "selu",
  "optimizer": "rmsprop",
  "learning_rate_schedule": "exponential",
  "batch_norm": "false"
}