{
  "error": 0.09721085748502187,
  "elapsed_time": 553.2270939350128,
  "timestamp": "2025-04-29T15:18:10.376972",
  "additional_info": {
    "training_time": 553.2270939350128,
    "epochs": 150,
    "final_train_loss": null
  }
}