{
  "error": 0.029556685211983593,
  "elapsed_time": 45.75753211975098,
  "timestamp": "2025-04-29T13:54:22.327386",
  "additional_info": {
    "training_time": 45.75753211975098,
    "epochs": 50,
    "final_train_loss": null
  }
}