{
  "input_size": 3883,
  "output_size": 214,
  "hidden_sizes": [
    1024,
    1024,
    1024
  ],
  "lr": 0.0009131175194329681,
  "weight_decay": 0.00011948354480999263,
  "batch_size": 32,
  "max_epochs": 200,
  "dropout_rate": 0.12206276112388709,
  "activation": "elu",
  "optimizer": "adamw",
  "learning_rate_schedule": "exponential",
  "batch_norm": "false"
}