{
  "error": 0.036252504480736594,
  "elapsed_time": 553.4698724746704,
  "timestamp": "2025-04-24T14:56:12.146339",
  "additional_info": {
    "training_time": 553.4698724746704,
    "epochs": 200,
    "final_train_loss": null
  }
}