{
  "input_size": 3883,
  "output_size": 214,
  "hidden_sizes": [
    2048,
    1024,
    512,
    256
  ],
  "lr": 0.0019233720128877185,
  "weight_decay": 1.4732618059500196e-05,
  "batch_size": 64,
  "max_epochs": 100
}