{
  "error": 0.15840878018311091,
  "elapsed_time": 190.4655532836914,
  "timestamp": "2025-04-30T10:50:03.969017",
  "additional_info": {
    "training_time": 190.4655532836914,
    "epochs": 50,
    "final_train_loss": null
  }
}