{
  "error": 0.022251515959699947,
  "elapsed_time": 454.9159734249115,
  "timestamp": "2025-04-29T19:44:45.149257",
  "additional_info": {
    "training_time": 454.9159734249115,
    "epochs": 200,
    "final_train_loss": null
  }
}