{
  "error": 0.11700609716631118,
  "elapsed_time": 766.0750684738159,
  "timestamp": "2025-04-29T23:08:50.391925",
  "additional_info": {
    "training_time": 766.0750684738159,
    "epochs": 200,
    "final_train_loss": null
  }
}