{
  "error": 0.016062115008632343,
  "elapsed_time": 1533.0076386928558,
  "timestamp": "2025-04-29T14:19:09.565874",
  "additional_info": {
    "training_time": 1533.0076386928558,
    "epochs": 600,
    "final_train_loss": null
  }
}