{
  "error": 0.0709188191131467,
  "elapsed_time": 792.8764319419861,
  "timestamp": "2025-04-30T12:31:41.202300",
  "additional_info": {
    "training_time": 792.8764319419861,
    "epochs": 500,
    "final_train_loss": null
  }
}