{
  "error": 0.08164992431799571,
  "elapsed_time": 42.09295320510864,
  "timestamp": "2025-04-30T11:28:57.667902",
  "additional_info": {
    "training_time": 42.09295320510864,
    "epochs": 50,
    "final_train_loss": null
  }
}