{
  "error": 0.019249015487730503,
  "elapsed_time": 43.40624761581421,
  "timestamp": "2025-04-29T19:46:04.284414",
  "additional_info": {
    "training_time": 43.40624761581421,
    "epochs": 50,
    "final_train_loss": null
  }
}