{
  "input_size": 3883,
  "output_size": 214,
  "hidden_sizes": [
    2048,
    1024,
    512,
    256,
    128
  ],
  "lr": 0.003236364343547606,
  "weight_decay": 2.8952609914047218e-06,
  "batch_size": 64,
  "max_epochs": 400,
  "dropout_rate": 0.31146869146755934,
  "activation": "tanh",
  "optimizer": "sgd_momentum",
  "learning_rate_schedule": "none",
  "batch_norm": "true"
}