{
  "input_size": 3883,
  "output_size": 214,
  "hidden_sizes": [
    2048,
    1024,
    512
  ],
  "lr": 0.006110917068085885,
  "weight_decay": 0.0008584243064474282,
  "batch_size": 256,
  "max_epochs": 300,
  "dropout_rate": 0.16134319413879183,
  "activation": "selu",
  "optimizer": "adamw",
  "learning_rate_schedule": "none",
  "batch_norm": "true"
}