{
  "error": 0.10101112971703212,
  "elapsed_time": 1603.940836906433,
  "timestamp": "2025-04-29T21:19:32.806759",
  "additional_info": {
    "training_time": 1603.940836906433,
    "epochs": 300,
    "final_train_loss": null
  }
}