{
  "error": 0.13836370373056048,
  "elapsed_time": 540.7124698162079,
  "timestamp": "2025-04-29T20:30:51.473086",
  "additional_info": {
    "training_time": 540.7124698162079,
    "epochs": 50,
    "final_train_loss": null
  }
}