{
  "error": 0.139676380563866,
  "elapsed_time": 344.311820268631,
  "timestamp": "2025-04-29T21:14:27.372905",
  "additional_info": {
    "training_time": 344.311820268631,
    "epochs": 50,
    "final_train_loss": null
  }
}