{
  "input_size": 3883,
  "output_size": 214,
  "hidden_sizes": [
    2048,
    1024,
    512,
    256
  ],
  "lr": 0.00010023992983448869,
  "weight_decay": 5.0715149805440166e-05,
  "batch_size": 128,
  "max_epochs": 200
}