{
  "input_size": 3883,
  "output_size": 214,
  "hidden_sizes": [
    1024,
    512,
    256
  ],
  "lr": 0.0003608219327363787,
  "weight_decay": 0.0006554382343546282,
  "batch_size": 128,
  "max_epochs": 100
}