{
  "input_size": 3883,
  "output_size": 214,
  "hidden_sizes": [
    2048,
    1024,
    512
  ],
  "lr": 6.987955015716723e-05,
  "weight_decay": 0.00016259480681891792,
  "batch_size": 256,
  "max_epochs": 150,
  "dropout_rate": 0.35291574193934727,
  "activation": "elu",
  "optimizer": "rmsprop",
  "learning_rate_schedule": "none",
  "batch_norm": "false"
}