{
  "error": 0.009617748359839121,
  "elapsed_time": 183.063467502594,
  "timestamp": "2025-04-24T15:16:22.627318",
  "additional_info": {
    "training_time": 183.063467502594,
    "epochs": 150,
    "final_train_loss": null
  }
}