{
  "error": 0.7946695664986259,
  "elapsed_time": 449.8663206100464,
  "timestamp": "2025-04-24T15:33:22.441115",
  "additional_info": {
    "training_time": 449.8663206100464,
    "epochs": 50,
    "final_train_loss": null
  }
}