{
  "error": 0.04043944552540779,
  "elapsed_time": 1074.0107655525208,
  "timestamp": "2025-04-20T13:53:46.976046",
  "additional_info": {
    "training_time": 1074.0107655525208,
    "epochs": 50,
    "final_train_loss": null
  }
}