{
  "input_size": 3883,
  "output_size": 214,
  "hidden_sizes": [
    2048,
    1024,
    1024,
    512
  ],
  "lr": 0.0004715696678089838,
  "weight_decay": 0.0007114476009343421,
  "batch_size": 64,
  "max_epochs": 600,
  "dropout_rate": 0.2993292420985183,
  "activation": "elu",
  "optimizer": "adamw",
  "learning_rate_schedule": "cosine",
  "batch_norm": "true"
}