{
  "error": 0.09040490218571254,
  "elapsed_time": 405.7203485965729,
  "timestamp": "2025-04-30T11:33:59.279912",
  "additional_info": {
    "training_time": 405.7203485965729,
    "epochs": 100,
    "final_train_loss": null
  }
}