{
  "error": 0.022061055526137352,
  "elapsed_time": 160.159686088562,
  "timestamp": "2025-04-30T13:17:12.679527",
  "additional_info": {
    "training_time": 160.159686088562,
    "epochs": 300,
    "final_train_loss": null
  }
}