{
  "error": 0.09182318300008774,
  "elapsed_time": 83.51448369026184,
  "timestamp": "2025-04-30T13:47:57.847880",
  "additional_info": {
    "training_time": 83.51448369026184,
    "epochs": 50,
    "final_train_loss": null
  }
}