{
  "error": 0.06580004725782644,
  "elapsed_time": 90.7086591720581,
  "timestamp": "2025-04-30T10:32:55.685385",
  "additional_info": {
    "training_time": 90.7086591720581,
    "epochs": 50,
    "final_train_loss": null
  }
}