{
  "input_size": 3883,
  "output_size": 214,
  "hidden_sizes": [
    512,
    256,
    128
  ],
  "lr": 0.00036234367402567647,
  "weight_decay": 0.0005847739859832213,
  "batch_size": 32,
  "max_epochs": 50
}