{
  "input_size": 3883,
  "output_size": 214,
  "hidden_sizes": [
    2048,
    1024,
    1024,
    512
  ],
  "lr": 0.0002980426198224422,
  "weight_decay": 3.722261051682579e-05,
  "batch_size": 16,
  "max_epochs": 300,
  "dropout_rate": 0.39823588783693864,
  "activation": "leaky_relu",
  "optimizer": "rmsprop",
  "learning_rate_schedule": "none",
  "batch_norm": "false"
}