{
  "error": 0.06274182517968473,
  "elapsed_time": 2250.630255460739,
  "timestamp": "2025-04-24T16:11:45.808900",
  "additional_info": {
    "training_time": 2250.630255460739,
    "epochs": 300,
    "final_train_loss": null
  }
}