{
  "error": 0.09083398653283006,
  "elapsed_time": 169.9459125995636,
  "timestamp": "2025-04-24T14:53:56.477265",
  "additional_info": {
    "training_time": 169.9459125995636,
    "epochs": 50,
    "final_train_loss": null
  }
}