{
  "error": 0.017414186403832653,
  "elapsed_time": 177.85970330238342,
  "timestamp": "2025-04-29T15:14:07.380430",
  "additional_info": {
    "training_time": 177.85970330238342,
    "epochs": 150,
    "final_train_loss": null
  }
}