{
  "error": 0.01742186194116419,
  "elapsed_time": 247.14539790153503,
  "timestamp": "2025-04-29T19:42:22.410554",
  "additional_info": {
    "training_time": 247.14539790153503,
    "epochs": 100,
    "final_train_loss": null
  }
}