{
  "error": 0.10374331837963491,
  "elapsed_time": 1511.178827047348,
  "timestamp": "2025-04-30T10:45:20.077724",
  "additional_info": {
    "training_time": 1511.178827047348,
    "epochs": 200,
    "final_train_loss": null
  }
}