{
  "error": 0.04562273838867744,
  "elapsed_time": 742.4838173389435,
  "timestamp": "2025-04-24T15:09:08.646243",
  "additional_info": {
    "training_time": 742.4838173389435,
    "epochs": 150,
    "final_train_loss": null
  }
}