{
  "error": 0.028910506516695023,
  "elapsed_time": 1535.666341304779,
  "timestamp": "2025-04-29T23:13:14.481076",
  "additional_info": {
    "training_time": 1535.666341304779,
    "epochs": 300,
    "final_train_loss": null
  }
}