{
  "input_size": 3883,
  "output_size": 214,
  "hidden_sizes": [
    512,
    256,
    128
  ],
  "lr": 0.0004380867619725788,
  "weight_decay": 2.3606794572813057e-05,
  "batch_size": 32,
  "max_epochs": 200
}