{
  "error": 0.01125737993667523,
  "elapsed_time": 652.7406806945801,
  "timestamp": "2025-04-30T10:24:46.348604",
  "additional_info": {
    "training_time": 652.7406806945801,
    "epochs": 200,
    "final_train_loss": null
  }
}