{
  "error": 0.040315756404941734,
  "elapsed_time": 323.30634355545044,
  "timestamp": "2025-04-24T14:50:29.253974",
  "additional_info": {
    "training_time": 323.30634355545044,
    "epochs": 300,
    "final_train_loss": null
  }
}