{
  "error": 0.010636072394184092,
  "elapsed_time": 874.5407795906067,
  "timestamp": "2025-04-29T21:34:04.084055",
  "additional_info": {
    "training_time": 874.5407795906067,
    "epochs": 500,
    "final_train_loss": null
  }
}