{
  "error": 0.04048466052682627,
  "elapsed_time": 973.5361025333405,
  "timestamp": "2025-04-24T15:50:29.481502",
  "additional_info": {
    "training_time": 973.5361025333405,
    "epochs": 200,
    "final_train_loss": null
  }
}