{
  "error": 0.07734521726767223,
  "elapsed_time": 57.512691020965576,
  "timestamp": "2025-04-24T14:57:44.063956",
  "additional_info": {
    "training_time": 57.512691020965576,
    "epochs": 50,
    "final_train_loss": null
  }
}