{
  "error": 0.06735482676462694,
  "elapsed_time": 1618.4892427921295,
  "timestamp": "2025-04-30T12:08:59.311489",
  "additional_info": {
    "training_time": 1618.4892427921295,
    "epochs": 600,
    "final_train_loss": null
  }
}