{
  "error": 0.023720686323940754,
  "elapsed_time": 276.0784475803375,
  "timestamp": "2025-04-24T15:28:20.952314",
  "additional_info": {
    "training_time": 276.0784475803375,
    "epochs": 200,
    "final_train_loss": null
  }
}