{
  "error": 0.05607449139157931,
  "elapsed_time": 31.905287981033325,
  "timestamp": "2025-04-30T11:42:57.977208",
  "additional_info": {
    "training_time": 31.905287981033325,
    "epochs": 50,
    "final_train_loss": null
  }
}