{
  "input_size": 3883,
  "output_size": 214,
  "hidden_sizes": [
    512,
    256,
    128
  ],
  "lr": 0.003887072196612054,
  "weight_decay": 0.00010122183035228781,
  "batch_size": 128,
  "max_epochs": 50
}