{
  "error": 0.023469623488684494,
  "elapsed_time": 298.3720545768738,
  "timestamp": "2025-04-29T14:11:46.723303",
  "additional_info": {
    "training_time": 298.3720545768738,
    "epochs": 200,
    "final_train_loss": null
  }
}