{
  "input_size": 3883,
  "output_size": 214,
  "hidden_sizes": [
    2048,
    1024,
    1024,
    512
  ],
  "lr": 0.00010189229645564515,
  "weight_decay": 2.2520536912838003e-06,
  "batch_size": 16,
  "max_epochs": 50,
  "dropout_rate": 0.3405197135484545,
  "activation": "selu",
  "optimizer": "adamw",
  "learning_rate_schedule": "none",
  "batch_norm": "true"
}