{
  "error": 0.06546184757635706,
  "elapsed_time": 504.5201404094696,
  "timestamp": "2025-04-24T15:25:35.678579",
  "additional_info": {
    "training_time": 504.5201404094696,
    "epochs": 50,
    "final_train_loss": null
  }
}