{
  "error": 0.06699503292994839,
  "elapsed_time": 2281.3149104118347,
  "timestamp": "2025-04-30T10:45:27.903520",
  "additional_info": {
    "training_time": 2281.3149104118347,
    "epochs": 200,
    "final_train_loss": null
  }
}