{
  "error": 0.017452170451482136,
  "elapsed_time": 37.03665828704834,
  "timestamp": "2025-04-24T14:59:27.606455",
  "additional_info": {
    "training_time": 37.03665828704834,
    "epochs": 50,
    "final_train_loss": null
  }
}