{
  "error": 0.029903269626877525,
  "elapsed_time": 2788.2679765224457,
  "timestamp": "2025-04-29T20:21:41.138153",
  "additional_info": {
    "training_time": 2788.2679765224457,
    "epochs": 600,
    "final_train_loss": null
  }
}