{
  "input_size": 3883,
  "output_size": 214,
  "hidden_sizes": [
    1024,
    256
  ],
  "lr": 0.0016738085788752138,
  "weight_decay": 1.9010245319870364e-05,
  "batch_size": 128,
  "max_epochs": 100
}