{
  "error": 0.18621510018905005,
  "elapsed_time": 1131.1260769367218,
  "timestamp": "2025-04-20T16:39:28.553313",
  "additional_info": {
    "training_time": 1131.1260769367218,
    "epochs": 50,
    "final_train_loss": null
  }
}