{
  "error": 0.04735573629538218,
  "elapsed_time": 61.83259391784668,
  "timestamp": "2025-04-24T11:44:40.533917",
  "additional_info": {
    "training_time": 61.83259391784668,
    "epochs": 100,
    "final_train_loss": null
  }
}