{
  "input_size": 3883,
  "output_size": 214,
  "hidden_sizes": [
    1024,
    1024,
    1024
  ],
  "lr": 0.002407858259053851,
  "weight_decay": 0.00012009519574962725,
  "batch_size": 16,
  "max_epochs": 300,
  "dropout_rate": 0.3349587322750196,
  "activation": "selu",
  "optimizer": "adamw",
  "learning_rate_schedule": "exponential",
  "batch_norm": "true"
}