{
  "error": 0.07855173191499143,
  "elapsed_time": 1812.726051568985,
  "timestamp": "2025-04-29T23:30:32.802252",
  "additional_info": {
    "training_time": 1812.726051568985,
    "epochs": 300,
    "final_train_loss": null
  }
}