{
  "error": 0.04135485365986824,
  "elapsed_time": 302.35287833213806,
  "timestamp": "2025-04-29T20:40:21.248673",
  "additional_info": {
    "training_time": 302.35287833213806,
    "epochs": 150,
    "final_train_loss": null
  }
}