{
  "error": 0.02498427659950473,
  "elapsed_time": 98.40168070793152,
  "timestamp": "2025-04-30T12:33:34.456956",
  "additional_info": {
    "training_time": 98.40168070793152,
    "epochs": 150,
    "final_train_loss": null
  }
}