{
  "error": 0.04313069886781953,
  "elapsed_time": 97.49633955955505,
  "timestamp": "2025-04-29T14:44:21.091367",
  "additional_info": {
    "training_time": 97.49633955955505,
    "epochs": 100,
    "final_train_loss": null
  }
}