{
  "error": 0.023156204571326573,
  "elapsed_time": 354.0263502597809,
  "timestamp": "2025-04-29T22:56:10.763028",
  "additional_info": {
    "training_time": 354.0263502597809,
    "epochs": 500,
    "final_train_loss": null
  }
}