{
  "error": 0.05590297451073473,
  "elapsed_time": 813.9133915901184,
  "timestamp": "2025-04-29T23:26:12.879408",
  "additional_info": {
    "training_time": 813.9133915901184,
    "epochs": 400,
    "final_train_loss": null
  }
}