{
  "error": 0.01621158824612697,
  "elapsed_time": 96.3113853931427,
  "timestamp": "2025-04-29T13:57:07.717155",
  "additional_info": {
    "training_time": 96.3113853931427,
    "epochs": 200,
    "final_train_loss": null
  }
}