{
  "error": 0.01718260037402312,
  "elapsed_time": 107.84974265098572,
  "timestamp": "2025-04-24T15:00:14.810484",
  "additional_info": {
    "training_time": 107.84974265098572,
    "epochs": 100,
    "final_train_loss": null
  }
}