{
  "error": 0.0380973301473118,
  "elapsed_time": 197.9111931324005,
  "timestamp": "2025-04-24T15:36:30.775077",
  "additional_info": {
    "training_time": 197.9111931324005,
    "epochs": 150,
    "final_train_loss": null
  }
}