{
  "input_size": 3883,
  "output_size": 214,
  "hidden_sizes": [
    768,
    512,
    256
  ],
  "lr": 0.006229423563691229,
  "weight_decay": 0.0009250950259884371,
  "batch_size": 64,
  "max_epochs": 600,
  "dropout_rate": 0.1985917648092274,
  "activation": "tanh",
  "optimizer": "adamw",
  "learning_rate_schedule": "none",
  "batch_norm": "false"
}