{
  "error": 0.09886829284104434,
  "elapsed_time": 515.0920927524567,
  "timestamp": "2025-04-30T12:55:53.497835",
  "additional_info": {
    "training_time": 515.0920927524567,
    "epochs": 600,
    "final_train_loss": null
  }
}