{
  "error": 0.026065560057759285,
  "elapsed_time": 500.3229765892029,
  "timestamp": "2025-04-24T14:54:48.054760",
  "additional_info": {
    "training_time": 500.3229765892029,
    "epochs": 200,
    "final_train_loss": null
  }
}