{
  "error": 0.07672284392728693,
  "elapsed_time": 503.6712820529938,
  "timestamp": "2025-04-29T14:02:00.225878",
  "additional_info": {
    "training_time": 503.6712820529938,
    "epochs": 200,
    "final_train_loss": null
  }
}