{
  "error": 0.17495246728261313,
  "elapsed_time": 230.5333957672119,
  "timestamp": "2025-04-29T23:35:38.953412",
  "additional_info": {
    "training_time": 230.5333957672119,
    "epochs": 150,
    "final_train_loss": null
  }
}