{
  "input_size": 3883,
  "output_size": 214,
  "hidden_sizes": [
    1024,
    512,
    256
  ],
  "lr": 0.0034443559676607107,
  "weight_decay": 1.2223836813745606e-05,
  "batch_size": 64,
  "max_epochs": 50
}