{
  "input_size": 3883,
  "output_size": 214,
  "hidden_sizes": [
    4096,
    2048,
    1024
  ],
  "lr": 0.007658628379085689,
  "weight_decay": 0.00039900770303840586,
  "batch_size": 16,
  "max_epochs": 50,
  "dropout_rate": 0.11098608096647472,
  "activation": "selu",
  "optimizer": "sgd_momentum",
  "learning_rate_schedule": "cosine",
  "batch_norm": "true"
}