{
  "error": 0.26654874356020064,
  "elapsed_time": 814.8560400009155,
  "timestamp": "2025-04-29T22:45:52.009159",
  "additional_info": {
    "training_time": 814.8560400009155,
    "epochs": 50,
    "final_train_loss": null
  }
}