{
  "error": 0.016159103251993656,
  "elapsed_time": 82.80161952972412,
  "timestamp": "2025-04-29T19:36:30.462494",
  "additional_info": {
    "training_time": 82.80161952972412,
    "epochs": 50,
    "final_train_loss": null
  }
}