{
  "input_size": 3883,
  "output_size": 214,
  "hidden_sizes": [
    512,
    256,
    128
  ],
  "lr": 0.0007905766834102595,
  "weight_decay": 4.159117168120245e-06,
  "batch_size": 32,
  "max_epochs": 50,
  "dropout_rate": 0.25170863542742844,
  "activation": "relu",
  "optimizer": "sgd_momentum",
  "learning_rate_schedule": "none",
  "batch_norm": "false"
}