{
  "error": 0.04213644777025495,
  "elapsed_time": 69.77065873146057,
  "timestamp": "2025-04-24T15:38:43.485877",
  "additional_info": {
    "training_time": 69.77065873146057,
    "epochs": 50,
    "final_train_loss": null
  }
}