{
  "error": 0.01166002219542861,
  "elapsed_time": 142.94583535194397,
  "timestamp": "2025-04-30T10:13:10.916062",
  "additional_info": {
    "training_time": 142.94583535194397,
    "epochs": 300,
    "final_train_loss": null
  }
}