{
  "error": 0.17013277858495712,
  "elapsed_time": 534.6262574195862,
  "timestamp": "2025-04-29T22:54:59.435133",
  "additional_info": {
    "training_time": 534.6262574195862,
    "epochs": 200,
    "final_train_loss": null
  }
}