{
  "error": 0.19559776534636816,
  "elapsed_time": 554.8175649642944,
  "timestamp": "2025-04-29T20:52:30.762665",
  "additional_info": {
    "training_time": 554.8175649642944,
    "epochs": 200,
    "final_train_loss": null
  }
}