{
  "input_size": 3883,
  "output_size": 214,
  "hidden_sizes": [
    3072,
    1536,
    768,
    384
  ],
  "lr": 0.00022554765509222085,
  "weight_decay": 6.6710683613066355e-06,
  "batch_size": 128,
  "max_epochs": 400,
  "dropout_rate": 0.4391103337395961,
  "activation": "selu",
  "optimizer": "rmsprop",
  "learning_rate_schedule": "step",
  "batch_norm": "false"
}