{
  "error": 0.10669705360418275,
  "elapsed_time": 559.9188182353973,
  "timestamp": "2025-04-29T23:31:28.333735",
  "additional_info": {
    "training_time": 559.9188182353973,
    "epochs": 150,
    "final_train_loss": null
  }
}