{
  "error": 0.09304286468596686,
  "elapsed_time": 1010.9614446163177,
  "timestamp": "2025-04-30T10:26:37.683498",
  "additional_info": {
    "training_time": 1010.9614446163177,
    "epochs": 500,
    "final_train_loss": null
  }
}