{
  "input_size": 3883,
  "output_size": 214,
  "hidden_sizes": [
    2048,
    1024,
    1024,
    512
  ],
  "lr": 0.00023868815287346313,
  "weight_decay": 1.1115106310605993e-06,
  "batch_size": 64,
  "max_epochs": 100,
  "dropout_rate": 0.2505199419576296,
  "activation": "selu",
  "optimizer": "adam",
  "learning_rate_schedule": "none",
  "batch_norm": "false"
}