{
  "error": 0.0171015097505667,
  "elapsed_time": 248.17644596099854,
  "timestamp": "2025-04-29T14:36:04.089739",
  "additional_info": {
    "training_time": 248.17644596099854,
    "epochs": 100,
    "final_train_loss": null
  }
}