{
  "error": 0.01894094261594794,
  "elapsed_time": 55.79779005050659,
  "timestamp": "2025-04-30T10:04:07.704481",
  "additional_info": {
    "training_time": 55.79779005050659,
    "epochs": 50,
    "final_train_loss": null
  }
}