{
  "error": 0.03708678421874841,
  "elapsed_time": 112.69203972816467,
  "timestamp": "2025-04-29T22:39:35.913339",
  "additional_info": {
    "training_time": 112.69203972816467,
    "epochs": 200,
    "final_train_loss": null
  }
}