{
  "input_size": 3883,
  "output_size": 214,
  "hidden_sizes": [
    1024,
    256
  ],
  "lr": 9.47562476157481e-05,
  "weight_decay": 0.0003566008549404993,
  "batch_size": 128,
  "max_epochs": 200,
  "dropout_rate": 0.20425914646795845,
  "activation": "tanh",
  "optimizer": "rmsprop",
  "learning_rate_schedule": "cosine",
  "batch_norm": "true"
}