{
  "error": 0.009975718955198923,
  "elapsed_time": 121.78644561767578,
  "timestamp": "2025-04-29T21:42:00.965637",
  "additional_info": {
    "training_time": 121.78644561767578,
    "epochs": 200,
    "final_train_loss": null
  }
}