{
  "error": 0.03333779610693455,
  "elapsed_time": 169.25915431976318,
  "timestamp": "2025-04-24T14:55:58.875680",
  "additional_info": {
    "training_time": 169.25915431976318,
    "epochs": 100,
    "final_train_loss": null
  }
}