{
  "error": 0.030909371606650807,
  "elapsed_time": 786.8192286491394,
  "timestamp": "2025-04-29T19:48:19.688303",
  "additional_info": {
    "training_time": 786.8192286491394,
    "epochs": 600,
    "final_train_loss": null
  }
}