{
  "error": 0.055870099839839066,
  "elapsed_time": 787.0645668506622,
  "timestamp": "2025-04-29T14:06:43.621991",
  "additional_info": {
    "training_time": 787.0645668506622,
    "epochs": 150,
    "final_train_loss": null
  }
}