{
  "input_size": 3883,
  "output_size": 214,
  "hidden_sizes": [
    1024,
    256
  ],
  "lr": 0.0008288916866885145,
  "weight_decay": 4.649617447336336e-05,
  "batch_size": 128,
  "max_epochs": 100
}