{
  "error": 0.058605119585990906,
  "elapsed_time": 192.2988498210907,
  "timestamp": "2025-04-29T20:56:32.529759",
  "additional_info": {
    "training_time": 192.2988498210907,
    "epochs": 200,
    "final_train_loss": null
  }
}