{
  "input_size": 3883,
  "output_size": 214,
  "hidden_sizes": [
    512,
    256,
    128
  ],
  "lr": 0.009828956194475673,
  "weight_decay": 0.0008527833305781812,
  "batch_size": 32,
  "max_epochs": 50
}