{
  "input_size": 3883,
  "output_size": 214,
  "hidden_sizes": [
    1024,
    512,
    256
  ],
  "lr": 0.009539597889036164,
  "weight_decay": 8.487439485784155e-05,
  "batch_size": 32,
  "max_epochs": 100,
  "dropout_rate": 0.45531200177015196,
  "activation": "tanh",
  "optimizer": "rmsprop",
  "learning_rate_schedule": "cosine",
  "batch_norm": "false"
}