{
  "error": 0.06562299361186368,
  "elapsed_time": 4638.025610923767,
  "timestamp": "2025-04-29T16:16:29.697622",
  "additional_info": {
    "training_time": 4638.025610923767,
    "epochs": 400,
    "final_train_loss": null
  }
}