{
  "error": 0.07286099717020988,
  "elapsed_time": 881.7488548755646,
  "timestamp": "2025-04-29T21:21:48.461742",
  "additional_info": {
    "training_time": 881.7488548755646,
    "epochs": 100,
    "final_train_loss": null
  }
}