{
  "error": 0.026413262511293095,
  "elapsed_time": 52.73670029640198,
  "timestamp": "2025-04-29T21:18:44.400569",
  "additional_info": {
    "training_time": 52.73670029640198,
    "epochs": 100,
    "final_train_loss": null
  }
}