{
  "input_size": 3883,
  "output_size": 214,
  "hidden_sizes": [
    3072,
    1536,
    768,
    384
  ],
  "lr": 0.002890697557155781,
  "weight_decay": 5.2492967534617255e-05,
  "batch_size": 16,
  "max_epochs": 50,
  "dropout_rate": 0.4056020883680015,
  "activation": "elu",
  "optimizer": "adam",
  "learning_rate_schedule": "exponential",
  "batch_norm": "true"
}