{
  "error": 0.11502511072016898,
  "elapsed_time": 776.5453026294708,
  "timestamp": "2025-04-29T14:47:42.376097",
  "additional_info": {
    "training_time": 776.5453026294708,
    "epochs": 50,
    "final_train_loss": null
  }
}