{
  "error": 0.03361159850927917,
  "elapsed_time": 1861.5357909202576,
  "timestamp": "2025-04-30T12:26:06.468341",
  "additional_info": {
    "training_time": 1861.5357909202576,
    "epochs": 200,
    "final_train_loss": null
  }
}