{
  "error": 0.0614072633060542,
  "elapsed_time": 268.06261229515076,
  "timestamp": "2025-04-29T13:58:04.620548",
  "additional_info": {
    "training_time": 268.06261229515076,
    "epochs": 50,
    "final_train_loss": null
  }
}