{
  "input_size": 3883,
  "output_size": 214,
  "hidden_sizes": [
    1024,
    256
  ],
  "lr": 0.005521345951573618,
  "weight_decay": 3.972110727381911e-06,
  "batch_size": 128,
  "max_epochs": 600,
  "dropout_rate": 0.23338144662398996,
  "activation": "tanh",
  "optimizer": "sgd_momentum",
  "learning_rate_schedule": "cosine",
  "batch_norm": "true"
}