{
  "error": 0.06456624479456381,
  "elapsed_time": 573.1102747917175,
  "timestamp": "2025-04-30T10:53:51.850203",
  "additional_info": {
    "training_time": 573.1102747917175,
    "epochs": 200,
    "final_train_loss": null
  }
}