{
  "input_size": 3883,
  "output_size": 214,
  "hidden_sizes": [
    1024,
    512,
    256
  ],
  "lr": 0.008562714855604019,
  "weight_decay": 1.93634207379764e-05,
  "batch_size": 256,
  "max_epochs": 500,
  "dropout_rate": 0.3772714370423412,
  "activation": "relu",
  "optimizer": "adamw",
  "learning_rate_schedule": "none",
  "batch_norm": "true"
}