{
  "error": 0.03484176223476728,
  "elapsed_time": 47.58753228187561,
  "timestamp": "2025-04-29T22:33:37.818048",
  "additional_info": {
    "training_time": 47.58753228187561,
    "epochs": 150,
    "final_train_loss": null
  }
}