{
  "error": 0.009990070946514606,
  "elapsed_time": 320.7566776275635,
  "timestamp": "2025-04-29T14:36:09.476981",
  "additional_info": {
    "training_time": 320.7566776275635,
    "epochs": 500,
    "final_train_loss": null
  }
}