{
  "error": 0.04037784989036265,
  "elapsed_time": 1272.416502714157,
  "timestamp": "2025-04-29T21:05:31.363934",
  "additional_info": {
    "training_time": 1272.416502714157,
    "epochs": 150,
    "final_train_loss": null
  }
}