{
  "error": 0.044272590872077716,
  "elapsed_time": 450.2560760974884,
  "timestamp": "2025-04-29T23:27:02.627508",
  "additional_info": {
    "training_time": 450.2560760974884,
    "epochs": 50,
    "final_train_loss": null
  }
}