{
  "error": 0.013284216804260557,
  "elapsed_time": 3168.6224722862244,
  "timestamp": "2025-04-29T15:38:11.251135",
  "additional_info": {
    "training_time": 3168.6224722862244,
    "epochs": 600,
    "final_train_loss": null
  }
}