{
  "error": 0.009790747581670681,
  "elapsed_time": 367.60689401626587,
  "timestamp": "2025-04-29T19:41:20.478924",
  "additional_info": {
    "training_time": 367.60689401626587,
    "epochs": 600,
    "final_train_loss": null
  }
}