{
  "error": 0.11717541888356209,
  "elapsed_time": 152.1860008239746,
  "timestamp": "2025-04-29T19:37:39.866505",
  "additional_info": {
    "training_time": 152.1860008239746,
    "epochs": 100,
    "final_train_loss": null
  }
}