{
  "error": 0.03167881477962841,
  "elapsed_time": 858.0524835586548,
  "timestamp": "2025-04-30T11:16:20.441616",
  "additional_info": {
    "training_time": 858.0524835586548,
    "epochs": 600,
    "final_train_loss": null
  }
}