{
  "input_size": 3883,
  "output_size": 214,
  "hidden_sizes": [
    1024,
    1024,
    512,
    256
  ],
  "lr": 0.00014862418185396996,
  "weight_decay": 3.549878832196506e-06,
  "batch_size": 128,
  "max_epochs": 100,
  "dropout_rate": 0.2623782158161189,
  "activation": "selu",
  "optimizer": "adam",
  "learning_rate_schedule": "none",
  "batch_norm": "true"
}