{
  "error": 0.015423047511527935,
  "elapsed_time": 87.22455906867981,
  "timestamp": "2025-04-24T14:46:23.793082",
  "additional_info": {
    "training_time": 87.22455906867981,
    "epochs": 100,
    "final_train_loss": null
  }
}