{
  "input_size": 3883,
  "output_size": 214,
  "hidden_sizes": [
    2048,
    1024,
    512,
    256
  ],
  "lr": 0.005394475172574595,
  "weight_decay": 2.189746324513344e-06,
  "batch_size": 256,
  "max_epochs": 100,
  "dropout_rate": 0.4871241042672051,
  "activation": "softmax",
  "optimizer": "sgd_momentum",
  "learning_rate_schedule": "step",
  "batch_norm": "true"
}