{
  "error": 0.018100233748555183,
  "elapsed_time": 103.56348371505737,
  "timestamp": "2025-04-30T10:53:07.796043",
  "additional_info": {
    "training_time": 103.56348371505737,
    "epochs": 100,
    "final_train_loss": null
  }
}