{
  "error": 0.008252366756399473,
  "elapsed_time": 515.8788676261902,
  "timestamp": "2025-04-29T21:34:56.991420",
  "additional_info": {
    "training_time": 515.8788676261902,
    "epochs": 400,
    "final_train_loss": null
  }
}