{
  "input_size": 3883,
  "output_size": 214,
  "hidden_sizes": [
    1024,
    256
  ],
  "lr": 0.0007741076989688419,
  "weight_decay": 0.00033579113392092426,
  "batch_size": 128,
  "max_epochs": 150,
  "dropout_rate": 0.3187149507491033,
  "activation": "selu",
  "optimizer": "rmsprop",
  "learning_rate_schedule": "none",
  "batch_norm": "false"
}