{
  "error": 0.0229033346598347,
  "elapsed_time": 132.67992401123047,
  "timestamp": "2025-04-24T15:02:05.895705",
  "additional_info": {
    "training_time": 132.67992401123047,
    "epochs": 150,
    "final_train_loss": null
  }
}