{
  "input_size": 3883,
  "output_size": 214,
  "hidden_sizes": [
    2048,
    1024,
    512,
    256
  ],
  "lr": 0.00010797808783472622,
  "weight_decay": 0.0002714016790972087,
  "batch_size": 64,
  "max_epochs": 300,
  "dropout_rate": 0.3129698350507864,
  "activation": "relu",
  "optimizer": "adam",
  "learning_rate_schedule": "exponential",
  "batch_norm": "false"
}