{
  "error": 0.024115332148291847,
  "elapsed_time": 785.0308065414429,
  "timestamp": "2025-04-24T15:18:07.102734",
  "additional_info": {
    "training_time": 785.0308065414429,
    "epochs": 300,
    "final_train_loss": null
  }
}