{
  "error": 0.016389766708016396,
  "elapsed_time": 171.69965744018555,
  "timestamp": "2025-04-29T14:10:05.850805",
  "additional_info": {
    "training_time": 171.69965744018555,
    "epochs": 50,
    "final_train_loss": null
  }
}