{
  "input_size": 3883,
  "output_size": 214,
  "hidden_sizes": [
    2048,
    1024,
    512
  ],
  "lr": 0.005071277618056599,
  "weight_decay": 0.00013357217992610384,
  "batch_size": 16,
  "max_epochs": 400,
  "dropout_rate": 0.31045775888373855,
  "activation": "prelu",
  "optimizer": "adamw",
  "learning_rate_schedule": "step",
  "batch_norm": "false"
}