{
  "error": 0.10602157039656526,
  "elapsed_time": 3193.3299639225006,
  "timestamp": "2025-04-30T14:31:18.427552",
  "additional_info": {
    "training_time": 3193.3299639225006,
    "epochs": 400,
    "final_train_loss": null
  }
}