{
  "input_size": 3883,
  "output_size": 214,
  "hidden_sizes": [
    512,
    256,
    128
  ],
  "lr": 0.0007562632622090496,
  "weight_decay": 2.5318525210031794e-05,
  "batch_size": 128,
  "max_epochs": 50
}