{
  "error": 0.01621589818122712,
  "elapsed_time": 858.9641592502594,
  "timestamp": "2025-04-24T15:53:23.670438",
  "additional_info": {
    "training_time": 858.9641592502594,
    "epochs": 150,
    "final_train_loss": null
  }
}