{
  "input_size": 3883,
  "output_size": 214,
  "hidden_sizes": [
    1024,
    1024,
    512,
    256
  ],
  "lr": 0.0012917294605979785,
  "weight_decay": 5.6937340369173016e-06,
  "batch_size": 256,
  "max_epochs": 200,
  "dropout_rate": 0.09079885840071283,
  "activation": "leaky_relu",
  "optimizer": "rmsprop",
  "learning_rate_schedule": "step",
  "batch_norm": "false"
}