{
  "error": 0.014941867751379808,
  "elapsed_time": 124.59518504142761,
  "timestamp": "2025-04-30T12:11:20.045771",
  "additional_info": {
    "training_time": 124.59518504142761,
    "epochs": 200,
    "final_train_loss": null
  }
}