{
  "input_size": 3883,
  "output_size": 214,
  "hidden_sizes": [
    1024,
    256
  ],
  "lr": 0.009073727166787787,
  "weight_decay": 9.407718327908905e-05,
  "batch_size": 128,
  "max_epochs": 200
}