{
  "input_size": 3883,
  "output_size": 214,
  "hidden_sizes": [
    1024,
    256
  ],
  "lr": 0.005824688255969171,
  "weight_decay": 2.3845927361089544e-05,
  "batch_size": 32,
  "max_epochs": 200
}