{
  "input_size": 3883,
  "output_size": 214,
  "hidden_sizes": [
    3072,
    1536,
    768,
    384
  ],
  "lr": 0.0013834848660615815,
  "weight_decay": 9.000386613598925e-05,
  "batch_size": 32,
  "max_epochs": 200,
  "dropout_rate": 0.1032106358803016,
  "activation": "leaky_relu",
  "optimizer": "adamw",
  "learning_rate_schedule": "none",
  "batch_norm": "true"
}