{
  "error": 0.0630928057999838,
  "elapsed_time": 1379.5110409259796,
  "timestamp": "2025-04-29T23:07:28.564392",
  "additional_info": {
    "training_time": 1379.5110409259796,
    "epochs": 200,
    "final_train_loss": null
  }
}