{
  "error": 0.02099956724454056,
  "elapsed_time": 60.191171169281006,
  "timestamp": "2025-04-29T19:36:07.871100",
  "additional_info": {
    "training_time": 60.191171169281006,
    "epochs": 50,
    "final_train_loss": null
  }
}