{
  "input_size": 3883,
  "output_size": 214,
  "hidden_sizes": [
    1024,
    256
  ],
  "lr": 9.263256511720828e-05,
  "weight_decay": 4.0685911909348524e-05,
  "batch_size": 128,
  "max_epochs": 300,
  "dropout_rate": 0.06374433116599121,
  "activation": "selu",
  "optimizer": "sgd_momentum",
  "learning_rate_schedule": "none",
  "batch_norm": "false"
}