{
  "error": 0.08581594501932462,
  "elapsed_time": 42.81478142738342,
  "timestamp": "2025-04-30T10:03:54.703418",
  "additional_info": {
    "training_time": 42.81478142738342,
    "epochs": 100,
    "final_train_loss": null
  }
}