{
  "error": 0.008684489720811447,
  "elapsed_time": 189.2004270553589,
  "timestamp": "2025-04-29T22:11:15.466374",
  "additional_info": {
    "training_time": 189.2004270553589,
    "epochs": 300,
    "final_train_loss": null
  }
}