{
  "input_size": 3883,
  "output_size": 214,
  "hidden_sizes": [
    1024,
    256
  ],
  "lr": 0.0011986281799901185,
  "weight_decay": 0.00041198396246051877,
  "batch_size": 32,
  "max_epochs": 200
}