{
  "error": 0.015070957907785973,
  "elapsed_time": 181.65927124023438,
  "timestamp": "2025-04-30T11:10:15.408838",
  "additional_info": {
    "training_time": 181.65927124023438,
    "epochs": 300,
    "final_train_loss": null
  }
}