{
  "input_size": 3883,
  "output_size": 214,
  "hidden_sizes": [
    1024,
    256
  ],
  "lr": 0.0003236390549140311,
  "weight_decay": 3.632486956676606e-05,
  "batch_size": 32,
  "max_epochs": 200,
  "dropout_rate": 0.09242722776276352,
  "activation": "elu",
  "optimizer": "adamw",
  "learning_rate_schedule": "step",
  "batch_norm": "false"
}