{
  "input_size": 3883,
  "output_size": 214,
  "hidden_sizes": [
    4096,
    2048,
    1024,
    512
  ],
  "lr": 0.01271464855783106,
  "weight_decay": 0.0008187941582538086,
  "batch_size": 256,
  "max_epochs": 100,
  "dropout_rate": 0.3725322740601102,
  "activation": "sigmoid",
  "optimizer": "sgd_momentum",
  "learning_rate_schedule": "cosine",
  "batch_norm": "false"
}