{
  "error": 0.2139457364877065,
  "elapsed_time": 256.02785181999207,
  "timestamp": "2025-04-29T23:05:07.827370",
  "additional_info": {
    "training_time": 256.02785181999207,
    "epochs": 100,
    "final_train_loss": null
  }
}