{
  "error": 0.04291574690829624,
  "elapsed_time": 243.21254873275757,
  "timestamp": "2025-04-30T12:38:16.530910",
  "additional_info": {
    "training_time": 243.21254873275757,
    "epochs": 100,
    "final_train_loss": null
  }
}