{
  "input_size": 3883,
  "output_size": 214,
  "hidden_sizes": [
    4096,
    2048,
    1024
  ],
  "lr": 0.0022249401622804004,
  "weight_decay": 5.938312608859316e-06,
  "batch_size": 64,
  "max_epochs": 400,
  "dropout_rate": 0.49220109035177606,
  "activation": "leaky_relu",
  "optimizer": "adam",
  "learning_rate_schedule": "none",
  "batch_norm": "false"
}