{
  "error": 0.022510516880588097,
  "elapsed_time": 2004.7450940608978,
  "timestamp": "2025-04-30T13:30:14.045975",
  "additional_info": {
    "training_time": 2004.7450940608978,
    "epochs": 400,
    "final_train_loss": null
  }
}