{
  "error": 0.12169553481397175,
  "elapsed_time": 276.2471034526825,
  "timestamp": "2025-04-24T15:38:20.622307",
  "additional_info": {
    "training_time": 276.2471034526825,
    "epochs": 50,
    "final_train_loss": null
  }
}