{
  "error": 0.14654554000922612,
  "elapsed_time": 655.0870561599731,
  "timestamp": "2025-04-24T15:08:43.912036",
  "additional_info": {
    "training_time": 655.0870561599731,
    "epochs": 200,
    "final_train_loss": null
  }
}