{
  "input_size": 3883,
  "output_size": 214,
  "hidden_sizes": [
    2048,
    1024,
    512,
    256
  ],
  "lr": 0.000441673688858184,
  "weight_decay": 0.0004981264349932466,
  "batch_size": 32,
  "max_epochs": 200
}