{
  "error": 0.015783590264618397,
  "elapsed_time": 446.8247559070587,
  "timestamp": "2025-04-29T20:00:59.676555",
  "additional_info": {
    "training_time": 446.8247559070587,
    "epochs": 150,
    "final_train_loss": null
  }
}