{
  "error": 0.05243313844714846,
  "elapsed_time": 191.77631878852844,
  "timestamp": "2025-04-30T13:02:06.497553",
  "additional_info": {
    "training_time": 191.77631878852844,
    "epochs": 200,
    "final_train_loss": null
  }
}