{
  "error": 0.0442596800802719,
  "elapsed_time": 216.7173159122467,
  "timestamp": "2025-04-24T15:07:36.771471",
  "additional_info": {
    "training_time": 216.7173159122467,
    "epochs": 50,
    "final_train_loss": null
  }
}