{
  "error": 0.012222796368102232,
  "elapsed_time": 122.51645135879517,
  "timestamp": "2025-04-29T14:29:32.148056",
  "additional_info": {
    "training_time": 122.51645135879517,
    "epochs": 100,
    "final_train_loss": null
  }
}