{
  "input_size": 3883,
  "output_size": 214,
  "hidden_sizes": [
    4096,
    2048,
    1024
  ],
  "lr": 0.0005502700693687526,
  "weight_decay": 0.00012388043482880942,
  "batch_size": 128,
  "max_epochs": 600,
  "dropout_rate": 0.3482507331135395,
  "activation": "relu",
  "optimizer": "sgd_momentum",
  "learning_rate_schedule": "exponential",
  "batch_norm": "true"
}