{
  "error": 0.019611185571799677,
  "elapsed_time": 4885.493060827255,
  "timestamp": "2025-04-29T22:37:40.086587",
  "additional_info": {
    "training_time": 4885.493060827255,
    "epochs": 600,
    "final_train_loss": null
  }
}