{
  "input_size": 3883,
  "output_size": 214,
  "hidden_sizes": [
    1024,
    512,
    256
  ],
  "lr": 0.0025160291009330127,
  "weight_decay": 0.0004935399178638842,
  "batch_size": 64,
  "max_epochs": 50
}