{
  "error": 0.014258199216177067,
  "elapsed_time": 1386.0948677062988,
  "timestamp": "2025-04-29T15:11:04.606094",
  "additional_info": {
    "training_time": 1386.0948677062988,
    "epochs": 600,
    "final_train_loss": null
  }
}