{
  "input_size": 3883,
  "output_size": 214,
  "hidden_sizes": [
    512,
    256,
    128
  ],
  "lr": 0.0010955826065567268,
  "weight_decay": 0.0008304835754879608,
  "batch_size": 256,
  "max_epochs": 100,
  "dropout_rate": 0.1119245329531603,
  "activation": "tanh",
  "optimizer": "adam",
  "learning_rate_schedule": "step",
  "batch_norm": "false"
}