{
  "input_size": 3883,
  "output_size": 214,
  "hidden_sizes": [
    1024,
    256
  ],
  "lr": 0.0005611516415334506,
  "weight_decay": 0.0007969454818643932,
  "batch_size": 128,
  "max_epochs": 50
}