{
  "error": 0.051028659397905525,
  "elapsed_time": 1703.6686050891876,
  "timestamp": "2025-04-20T15:14:14.912363",
  "additional_info": {
    "training_time": 1703.6686050891876,
    "epochs": 50,
    "final_train_loss": null
  }
}