{
  "error": 0.04405326582491398,
  "elapsed_time": 47.152111291885376,
  "timestamp": "2025-04-24T13:12:49.174270",
  "additional_info": {
    "training_time": 47.152111291885376,
    "epochs": 50,
    "final_train_loss": null
  }
}