{
  "error": 0.03755064060290655,
  "elapsed_time": 48.66387581825256,
  "timestamp": "2025-04-24T11:44:27.364071",
  "additional_info": {
    "training_time": 48.66387581825256,
    "epochs": 50,
    "final_train_loss": null
  }
}