{
  "error": 0.022049320861697197,
  "elapsed_time": 1849.8025443553925,
  "timestamp": "2025-04-30T12:48:57.486336",
  "additional_info": {
    "training_time": 1849.8025443553925,
    "epochs": 500,
    "final_train_loss": null
  }
}