{
  "error": 0.08453448515917573,
  "elapsed_time": 81.84148573875427,
  "timestamp": "2025-04-30T10:45:09.347373",
  "additional_info": {
    "training_time": 81.84148573875427,
    "epochs": 50,
    "final_train_loss": null
  }
}