{
  "error": 0.01226212860395511,
  "elapsed_time": 77.5919234752655,
  "timestamp": "2025-04-29T13:54:54.147284",
  "additional_info": {
    "training_time": 77.5919234752655,
    "epochs": 100,
    "final_train_loss": null
  }
}