{
  "error": 0.059414585963601156,
  "elapsed_time": 244.7349147796631,
  "timestamp": "2025-04-29T14:39:24.885782",
  "additional_info": {
    "training_time": 244.7349147796631,
    "epochs": 100,
    "final_train_loss": null
  }
}