{
  "error": 0.02559833618050272,
  "elapsed_time": 313.1420018672943,
  "timestamp": "2025-04-24T11:48:51.844832",
  "additional_info": {
    "training_time": 313.1420018672943,
    "epochs": 100,
    "final_train_loss": null
  }
}