{
  "error": 0.03761079800980432,
  "elapsed_time": 3657.556885957718,
  "timestamp": "2025-04-20T16:40:49.683268",
  "additional_info": {
    "training_time": 3657.556885957718,
    "epochs": 50,
    "final_train_loss": null
  }
}