{
  "error": 0.02578291500156576,
  "elapsed_time": 128.5758078098297,
  "timestamp": "2025-04-24T13:14:10.598207",
  "additional_info": {
    "training_time": 128.5758078098297,
    "epochs": 100,
    "final_train_loss": null
  }
}