{
  "error": 0.04547078410784403,
  "elapsed_time": 3400.5191962718964,
  "timestamp": "2025-04-20T14:32:31.782748",
  "additional_info": {
    "training_time": 3400.5191962718964,
    "epochs": 200,
    "final_train_loss": null
  }
}