{
  "error": 0.043951006775552574,
  "elapsed_time": 1304.9425098896027,
  "timestamp": "2025-04-29T23:17:40.283776",
  "additional_info": {
    "training_time": 1304.9425098896027,
    "epochs": 600,
    "final_train_loss": null
  }
}