{
  "input_size": 3883,
  "output_size": 214,
  "hidden_sizes": [
    1024,
    512,
    256
  ],
  "lr": 0.003924287644213356,
  "weight_decay": 3.065306799880857e-05,
  "batch_size": 64,
  "max_epochs": 600,
  "dropout_rate": 0.2174136693018731,
  "activation": "elu",
  "optimizer": "sgd_momentum",
  "learning_rate_schedule": "cosine",
  "batch_norm": "false"
}