{
  "error": 0.02700635480384032,
  "elapsed_time": 46.0472092628479,
  "timestamp": "2025-04-30T10:04:12.585390",
  "additional_info": {
    "training_time": 46.0472092628479,
    "epochs": 100,
    "final_train_loss": null
  }
}