{
  "error": 0.020812950540511382,
  "elapsed_time": 496.96074771881104,
  "timestamp": "2025-04-29T23:19:17.435822",
  "additional_info": {
    "training_time": 496.96074771881104,
    "epochs": 200,
    "final_train_loss": null
  }
}