{
  "error": 0.014155933788667122,
  "elapsed_time": 331.6829671859741,
  "timestamp": "2025-04-30T10:12:58.335482",
  "additional_info": {
    "training_time": 331.6829671859741,
    "epochs": 100,
    "final_train_loss": null
  }
}