{
  "error": 0.0651022456586361,
  "elapsed_time": 1015.5793726444244,
  "timestamp": "2025-04-30T11:26:47.125497",
  "additional_info": {
    "training_time": 1015.5793726444244,
    "epochs": 500,
    "final_train_loss": null
  }
}