{
  "input_size": 3883,
  "output_size": 214,
  "hidden_sizes": [
    2048,
    1024,
    1024,
    512
  ],
  "lr": 0.0003241065425858729,
  "weight_decay": 9.16702089598979e-06,
  "batch_size": 32,
  "max_epochs": 300,
  "dropout_rate": 0.10017957177435632,
  "activation": "relu",
  "optimizer": "adam",
  "learning_rate_schedule": "exponential",
  "batch_norm": "false"
}