{
  "error": 0.030612200409883543,
  "elapsed_time": 1300.4628069400787,
  "timestamp": "2025-04-29T23:57:17.128661",
  "additional_info": {
    "training_time": 1300.4628069400787,
    "epochs": 300,
    "final_train_loss": null
  }
}