{
  "error": 0.017400506883859634,
  "elapsed_time": 237.2945477962494,
  "timestamp": "2025-04-29T14:20:43.605259",
  "additional_info": {
    "training_time": 237.2945477962494,
    "epochs": 150,
    "final_train_loss": null
  }
}