{
  "error": 0.06831018378337224,
  "elapsed_time": 156.7382984161377,
  "timestamp": "2025-04-29T15:01:43.116148",
  "additional_info": {
    "training_time": 156.7382984161377,
    "epochs": 500,
    "final_train_loss": null
  }
}