{
  "input_size": 3883,
  "output_size": 214,
  "hidden_sizes": [
    2048,
    1024,
    512
  ],
  "lr": 0.001298980180933064,
  "weight_decay": 0.000745262979291264,
  "batch_size": 64,
  "max_epochs": 200
}