{
  "input_size": 3883,
  "output_size": 214,
  "hidden_sizes": [
    2048,
    1024,
    512,
    256
  ],
  "lr": 0.002263318385362252,
  "weight_decay": 5.641381315708957e-06,
  "batch_size": 256,
  "max_epochs": 150,
  "dropout_rate": 0.44602327758855664,
  "activation": "prelu",
  "optimizer": "sgd_momentum",
  "learning_rate_schedule": "step",
  "batch_norm": "true"
}