{
  "error": 0.057343674291457446,
  "elapsed_time": 254.0947229862213,
  "timestamp": "2025-04-29T22:55:34.641025",
  "additional_info": {
    "training_time": 254.0947229862213,
    "epochs": 50,
    "final_train_loss": null
  }
}