{
  "input_size": 3883,
  "output_size": 214,
  "hidden_sizes": [
    2048,
    1024,
    512,
    256,
    128
  ],
  "lr": 0.004411427139294478,
  "weight_decay": 0.000723128604484139,
  "batch_size": 256,
  "max_epochs": 50,
  "dropout_rate": 0.27638248341774496,
  "activation": "elu",
  "optimizer": "sgd_momentum",
  "learning_rate_schedule": "exponential",
  "batch_norm": "true"
}