{
  "error": 0.08726695428291957,
  "elapsed_time": 58.83705115318298,
  "timestamp": "2025-04-29T14:20:34.095696",
  "additional_info": {
    "training_time": 58.83705115318298,
    "epochs": 50,
    "final_train_loss": null
  }
}