{
  "error": 0.01327822698901097,
  "elapsed_time": 1691.330232143402,
  "timestamp": "2025-04-29T20:42:55.243582",
  "additional_info": {
    "training_time": 1691.330232143402,
    "epochs": 500,
    "final_train_loss": null
  }
}