{
  "error": 0.04614848062573444,
  "elapsed_time": 5095.32999420166,
  "timestamp": "2025-04-30T14:41:49.511460",
  "additional_info": {
    "training_time": 5095.32999420166,
    "epochs": 300,
    "final_train_loss": null
  }
}