{
  "error": 0.06358259950171817,
  "elapsed_time": 235.99445986747742,
  "timestamp": "2025-04-29T14:39:16.621373",
  "additional_info": {
    "training_time": 235.99445986747742,
    "epochs": 200,
    "final_train_loss": null
  }
}