{
  "error": 0.04637667164206505,
  "elapsed_time": 332.65848112106323,
  "timestamp": "2025-04-30T13:00:49.589909",
  "additional_info": {
    "training_time": 332.65848112106323,
    "epochs": 200,
    "final_train_loss": null
  }
}