{
  "input_size": 3883,
  "output_size": 214,
  "hidden_sizes": [
    4096,
    2048,
    1024,
    512
  ],
  "lr": 0.0026112183237851604,
  "weight_decay": 6.915151366011635e-06,
  "batch_size": 256,
  "max_epochs": 500,
  "dropout_rate": 0.3285556642500834,
  "activation": "relu",
  "optimizer": "adamw",
  "learning_rate_schedule": "none",
  "batch_norm": "true"
}