{
  "error": 0.022021841257810593,
  "elapsed_time": 1181.2303330898285,
  "timestamp": "2025-04-29T14:48:48.407192",
  "additional_info": {
    "training_time": 1181.2303330898285,
    "epochs": 500,
    "final_train_loss": null
  }
}