{
  "error": 0.12524765871819996,
  "elapsed_time": 859.2991561889648,
  "timestamp": "2025-04-29T23:14:38.807788",
  "additional_info": {
    "training_time": 859.2991561889648,
    "epochs": 500,
    "final_train_loss": null
  }
}