{
  "input_size": 3883,
  "output_size": 214,
  "hidden_sizes": [
    2048,
    1024,
    512,
    256
  ],
  "lr": 0.0024198608614538677,
  "weight_decay": 0.0002013365020244047,
  "batch_size": 32,
  "max_epochs": 50
}