{
  "error": 0.06094970101756709,
  "elapsed_time": 3584.774827003479,
  "timestamp": "2025-04-29T20:58:10.682867",
  "additional_info": {
    "training_time": 3584.774827003479,
    "epochs": 600,
    "final_train_loss": null
  }
}