{
  "error": 0.015903763388368217,
  "elapsed_time": 943.4666457176208,
  "timestamp": "2025-04-30T18:07:50.097993",
  "additional_info": {
    "training_time": 943.4666457176208,
    "epochs": 600,
    "final_train_loss": null
  }
}