{
  "error": 0.09673819442590077,
  "elapsed_time": 39.763490438461304,
  "timestamp": "2025-04-29T21:19:04.004562",
  "additional_info": {
    "training_time": 39.763490438461304,
    "epochs": 50,
    "final_train_loss": null
  }
}