{
  "error": 0.04806518306334814,
  "elapsed_time": 800.1762607097626,
  "timestamp": "2025-04-29T23:12:04.516216",
  "additional_info": {
    "training_time": 800.1762607097626,
    "epochs": 400,
    "final_train_loss": null
  }
}