{
  "error": 0.03520160132930392,
  "elapsed_time": 1199.594322681427,
  "timestamp": "2025-04-30T14:08:32.716337",
  "additional_info": {
    "training_time": 1199.594322681427,
    "epochs": 300,
    "final_train_loss": null
  }
}