{
  "input_size": 3883,
  "output_size": 214,
  "hidden_sizes": [
    2048,
    1024,
    1024,
    512
  ],
  "lr": 0.003957756313952871,
  "weight_decay": 8.178476574339548e-05,
  "batch_size": 64,
  "max_epochs": 150,
  "dropout_rate": 0.23610746258097465,
  "activation": "relu",
  "optimizer": "sgd_momentum",
  "learning_rate_schedule": "step",
  "batch_norm": "true"
}