{
  "error": 0.07152163034135645,
  "elapsed_time": 302.0884521007538,
  "timestamp": "2025-04-24T14:50:08.031049",
  "additional_info": {
    "training_time": 302.0884521007538,
    "epochs": 150,
    "final_train_loss": null
  }
}