{
  "error": 0.016016228378496387,
  "elapsed_time": 394.91296315193176,
  "timestamp": "2025-04-29T18:52:19.973144",
  "additional_info": {
    "training_time": 394.91296315193176,
    "epochs": 500,
    "final_train_loss": null
  }
}