{
  "input_size": 3883,
  "output_size": 214,
  "hidden_sizes": [
    4096,
    2048,
    1024,
    512
  ],
  "lr": 0.0011025911040150574,
  "weight_decay": 9.308279573713824e-06,
  "batch_size": 16,
  "max_epochs": 150,
  "dropout_rate": 0.21948571035281805,
  "activation": "elu",
  "optimizer": "adamw",
  "learning_rate_schedule": "none",
  "batch_norm": "false"
}