{
  "error": 0.07070113283892472,
  "elapsed_time": 2531.069316148758,
  "timestamp": "2025-04-24T15:42:34.061165",
  "additional_info": {
    "training_time": 2531.069316148758,
    "epochs": 150,
    "final_train_loss": null
  }
}