{
  "error": 0.07078146632938158,
  "elapsed_time": 15618.149948358536,
  "timestamp": "2025-04-20T17:56:09.231532",
  "additional_info": {
    "training_time": 15618.149948358536,
    "epochs": 200,
    "final_train_loss": null
  }
}