{
  "error": 0.11250778358607065,
  "elapsed_time": 162.3639419078827,
  "timestamp": "2025-04-29T22:37:22.092932",
  "additional_info": {
    "training_time": 162.3639419078827,
    "epochs": 100,
    "final_train_loss": null
  }
}