{
  "input_size": 3883,
  "output_size": 214,
  "hidden_sizes": [
    3072,
    1536,
    768,
    384
  ],
  "lr": 6.654726804393378e-05,
  "weight_decay": 4.990127377030908e-05,
  "batch_size": 64,
  "max_epochs": 300,
  "dropout_rate": 0.06008232390282109,
  "activation": "relu",
  "optimizer": "adamw",
  "learning_rate_schedule": "exponential",
  "batch_norm": "true"
}