{
  "error": 0.017716922035271473,
  "elapsed_time": 1527.797491312027,
  "timestamp": "2025-04-29T14:55:09.490005",
  "additional_info": {
    "training_time": 1527.797491312027,
    "epochs": 300,
    "final_train_loss": null
  }
}