{
  "error": 0.1323737328251203,
  "elapsed_time": 130.0553424358368,
  "timestamp": "2025-04-29T19:58:25.828803",
  "additional_info": {
    "training_time": 130.0553424358368,
    "epochs": 50,
    "final_train_loss": null
  }
}