{
  "input_size": 3883,
  "output_size": 214,
  "hidden_sizes": [
    1024,
    1024,
    512,
    256
  ],
  "lr": 0.0006986717740904972,
  "weight_decay": 2.3233503515390116e-06,
  "batch_size": 256,
  "max_epochs": 150,
  "dropout_rate": 0.45466020103939103,
  "activation": "selu",
  "optimizer": "adamw",
  "learning_rate_schedule": "exponential",
  "batch_norm": "false"
}