{
  "error": 0.0129339803631107,
  "elapsed_time": 94.56818270683289,
  "timestamp": "2025-04-24T14:46:37.088207",
  "additional_info": {
    "training_time": 94.56818270683289,
    "epochs": 150,
    "final_train_loss": null
  }
}