{
  "error": 0.020439910617741672,
  "elapsed_time": 515.0679693222046,
  "timestamp": "2025-04-29T14:06:12.755528",
  "additional_info": {
    "training_time": 515.0679693222046,
    "epochs": 100,
    "final_train_loss": null
  }
}