{
  "error": 0.01902969367802143,
  "elapsed_time": 485.15535259246826,
  "timestamp": "2025-04-30T10:49:48.616873",
  "additional_info": {
    "training_time": 485.15535259246826,
    "epochs": 500,
    "final_train_loss": null
  }
}