{
  "error": 0.07071251262511526,
  "elapsed_time": 384.6035966873169,
  "timestamp": "2025-04-29T19:55:33.637817",
  "additional_info": {
    "training_time": 384.6035966873169,
    "epochs": 150,
    "final_train_loss": null
  }
}