{
  "error": 0.4522582995040076,
  "elapsed_time": 352.3955421447754,
  "timestamp": "2025-04-29T23:17:24.312682",
  "additional_info": {
    "training_time": 352.3955421447754,
    "epochs": 50,
    "final_train_loss": null
  }
}