{
  "error": 0.02688849593202273,
  "elapsed_time": 25.180955171585083,
  "timestamp": "2025-04-30T13:23:59.864448",
  "additional_info": {
    "training_time": 25.180955171585083,
    "epochs": 50,
    "final_train_loss": null
  }
}