{
  "input_size": 3883,
  "output_size": 214,
  "hidden_sizes": [
    2048,
    1024,
    512,
    256,
    128
  ],
  "lr": 6.387230595969209e-05,
  "weight_decay": 3.212219315322683e-06,
  "batch_size": 128,
  "max_epochs": 100,
  "dropout_rate": 0.08850524213837341,
  "activation": "relu",
  "optimizer": "adamw",
  "learning_rate_schedule": "none",
  "batch_norm": "true"
}