{
  "error": 0.035856508960326515,
  "elapsed_time": 162.54369521141052,
  "timestamp": "2025-04-24T15:40:05.886812",
  "additional_info": {
    "training_time": 162.54369521141052,
    "epochs": 100,
    "final_train_loss": null
  }
}