{
  "error": 0.01118358007321755,
  "elapsed_time": 232.98593139648438,
  "timestamp": "2025-04-30T10:41:17.359176",
  "additional_info": {
    "training_time": 232.98593139648438,
    "epochs": 100,
    "final_train_loss": null
  }
}