{
  "error": 0.016178677168985207,
  "elapsed_time": 28.862292051315308,
  "timestamp": "2025-04-29T20:40:01.278633",
  "additional_info": {
    "training_time": 28.862292051315308,
    "epochs": 50,
    "final_train_loss": null
  }
}