{
  "input_size": 3883,
  "output_size": 214,
  "hidden_sizes": [
    1024,
    1024,
    1024
  ],
  "lr": 0.00453621537118797,
  "weight_decay": 0.00023699388000283358,
  "batch_size": 16,
  "max_epochs": 300,
  "dropout_rate": 0.4654645528436463,
  "activation": "leaky_relu",
  "optimizer": "sgd_momentum",
  "learning_rate_schedule": "step",
  "batch_norm": "true"
}