{
  "error": 0.03756128268485719,
  "elapsed_time": 51.863035678863525,
  "timestamp": "2025-04-24T11:44:30.563997",
  "additional_info": {
    "training_time": 51.863035678863525,
    "epochs": 50,
    "final_train_loss": null
  }
}