{
  "error": 0.03223577979952097,
  "elapsed_time": 805.2712106704712,
  "timestamp": "2025-04-20T17:22:18.768133",
  "additional_info": {
    "training_time": 805.2712106704712,
    "epochs": 50,
    "final_train_loss": null
  }
}