{
  "error": 0.007804741384461522,
  "elapsed_time": 345.4240982532501,
  "timestamp": "2025-04-29T23:40:49.210944",
  "additional_info": {
    "training_time": 345.4240982532501,
    "epochs": 400,
    "final_train_loss": null
  }
}