{
  "error": 0.19220324658921786,
  "elapsed_time": 4366.534626722336,
  "timestamp": "2025-04-29T15:34:40.874940",
  "additional_info": {
    "training_time": 4366.534626722336,
    "epochs": 600,
    "final_train_loss": null
  }
}