{
  "error": 0.017356717281720856,
  "elapsed_time": 287.85044145584106,
  "timestamp": "2025-04-29T22:17:06.827825",
  "additional_info": {
    "training_time": 287.85044145584106,
    "epochs": 200,
    "final_train_loss": null
  }
}