{
  "input_size": 3883,
  "output_size": 214,
  "hidden_sizes": [
    1024,
    512,
    256
  ],
  "lr": 0.0006275507961547501,
  "weight_decay": 0.0004294016871114832,
  "batch_size": 32,
  "max_epochs": 50
}