{
  "error": 0.06317253792214961,
  "elapsed_time": 1024.1955921649933,
  "timestamp": "2025-04-29T23:58:10.346229",
  "additional_info": {
    "training_time": 1024.1955921649933,
    "epochs": 400,
    "final_train_loss": null
  }
}