{
  "input_size": 3883,
  "output_size": 214,
  "hidden_sizes": [
    1024,
    512,
    256
  ],
  "lr": 0.00017504143649792672,
  "weight_decay": 5.4821359768534444e-05,
  "batch_size": 64,
  "max_epochs": 150,
  "dropout_rate": 0.26863170835703504,
  "activation": "elu",
  "optimizer": "sgd_momentum",
  "learning_rate_schedule": "exponential",
  "batch_norm": "true"
}