{
  "error": 0.01895629885521802,
  "elapsed_time": 197.37813687324524,
  "timestamp": "2025-04-29T21:17:56.744858",
  "additional_info": {
    "training_time": 197.37813687324524,
    "epochs": 150,
    "final_train_loss": null
  }
}