{
  "input_size": 3883,
  "output_size": 214,
  "hidden_sizes": [
    1024,
    512,
    256
  ],
  "lr": 0.0024258953709486815,
  "weight_decay": 3.457997441375998e-05,
  "batch_size": 128,
  "max_epochs": 200
}