{
  "error": 0.07866076468711808,
  "elapsed_time": 2250.7112624645233,
  "timestamp": "2025-04-29T22:50:54.247428",
  "additional_info": {
    "training_time": 2250.7112624645233,
    "epochs": 200,
    "final_train_loss": null
  }
}