{
  "error": 0.02592160722071474,
  "elapsed_time": 465.03351950645447,
  "timestamp": "2025-04-29T22:20:35.623387",
  "additional_info": {
    "training_time": 465.03351950645447,
    "epochs": 200,
    "final_train_loss": null
  }
}