{
  "error": 0.019379681907594204,
  "elapsed_time": 25.801215410232544,
  "timestamp": "2025-04-29T21:06:28.765907",
  "additional_info": {
    "training_time": 25.801215410232544,
    "epochs": 50,
    "final_train_loss": null
  }
}