{
  "input_size": 3883,
  "output_size": 214,
  "hidden_sizes": [
    768,
    512,
    256
  ],
  "lr": 0.00011397451454323346,
  "weight_decay": 1.0548702714918057e-05,
  "batch_size": 16,
  "max_epochs": 100,
  "dropout_rate": 0.4623468091392814,
  "activation": "softmax",
  "optimizer": "adamw",
  "learning_rate_schedule": "cosine",
  "batch_norm": "true"
}