{
  "error": 0.060504645020479246,
  "elapsed_time": 229.78952383995056,
  "timestamp": "2025-04-30T10:22:52.678424",
  "additional_info": {
    "training_time": 229.78952383995056,
    "epochs": 100,
    "final_train_loss": null
  }
}