{
  "input_size": 3883,
  "output_size": 214,
  "hidden_sizes": [
    1024,
    256
  ],
  "lr": 0.0008750095825318233,
  "weight_decay": 1.7728580556091046e-06,
  "batch_size": 16,
  "max_epochs": 300,
  "dropout_rate": 0.48161126972030566,
  "activation": "selu",
  "optimizer": "adam",
  "learning_rate_schedule": "exponential",
  "batch_norm": "true"
}