{
  "error": 0.05107996262432564,
  "elapsed_time": 957.5864868164062,
  "timestamp": "2025-04-24T15:33:26.606410",
  "additional_info": {
    "training_time": 957.5864868164062,
    "epochs": 300,
    "final_train_loss": null
  }
}