{
  "error": 0.1030486212535338,
  "elapsed_time": 479.46922183036804,
  "timestamp": "2025-04-30T11:06:52.141284",
  "additional_info": {
    "training_time": 479.46922183036804,
    "epochs": 200,
    "final_train_loss": null
  }
}