{
  "error": 0.021019037474285473,
  "elapsed_time": 685.2770774364471,
  "timestamp": "2025-04-29T23:31:23.374396",
  "additional_info": {
    "training_time": 685.2770774364471,
    "epochs": 300,
    "final_train_loss": null
  }
}