{
  "error": 0.04633041335777803,
  "elapsed_time": 54.2822904586792,
  "timestamp": "2025-04-24T14:46:00.222736",
  "additional_info": {
    "training_time": 54.2822904586792,
    "epochs": 50,
    "final_train_loss": null
  }
}