{
  "error": 0.30435420466320856,
  "elapsed_time": 861.6839289665222,
  "timestamp": "2025-04-30T12:56:51.634739",
  "additional_info": {
    "training_time": 861.6839289665222,
    "epochs": 50,
    "final_train_loss": null
  }
}