{
  "error": 0.03446315516802398,
  "elapsed_time": 468.71624279022217,
  "timestamp": "2025-04-30T11:31:02.882226",
  "additional_info": {
    "training_time": 468.71624279022217,
    "epochs": 150,
    "final_train_loss": null
  }
}