{
  "error": 0.026448766277595,
  "elapsed_time": 284.7818350791931,
  "timestamp": "2025-04-30T13:16:52.688840",
  "additional_info": {
    "training_time": 284.7818350791931,
    "epochs": 200,
    "final_train_loss": null
  }
}