{
  "error": 0.025038023168842,
  "elapsed_time": 196.91927123069763,
  "timestamp": "2025-04-24T15:47:49.956581",
  "additional_info": {
    "training_time": 196.91927123069763,
    "epochs": 100,
    "final_train_loss": null
  }
}