{
  "input_size": 3883,
  "output_size": 214,
  "hidden_sizes": [
    2048,
    1024,
    512,
    256,
    128
  ],
  "lr": 0.0027023396025076976,
  "weight_decay": 5.9414625374545684e-05,
  "batch_size": 64,
  "max_epochs": 150,
  "dropout_rate": 0.23610746258097465,
  "activation": "tanh",
  "optimizer": "sgd_momentum",
  "learning_rate_schedule": "step",
  "batch_norm": "true"
}