{
  "error": 0.05607553029602224,
  "elapsed_time": 334.0623815059662,
  "timestamp": "2025-04-29T19:40:41.762019",
  "additional_info": {
    "training_time": 334.0623815059662,
    "epochs": 150,
    "final_train_loss": null
  }
}