{
  "error": 0.2042923184732596,
  "elapsed_time": 1041.9269893169403,
  "timestamp": "2025-04-29T14:29:40.251759",
  "additional_info": {
    "training_time": 1041.9269893169403,
    "epochs": 600,
    "final_train_loss": null
  }
}