{
  "error": 0.05844879585007826,
  "elapsed_time": 293.75178384780884,
  "timestamp": "2025-04-29T20:31:38.534864",
  "additional_info": {
    "training_time": 293.75178384780884,
    "epochs": 100,
    "final_train_loss": null
  }
}