{
  "input_size": 3883,
  "output_size": 214,
  "hidden_sizes": [
    1024,
    512,
    256
  ],
  "lr": 0.0003831290207661211,
  "weight_decay": 0.0001493827033736995,
  "batch_size": 128,
  "max_epochs": 500,
  "dropout_rate": 0.15764516891530517,
  "activation": "relu",
  "optimizer": "rmsprop",
  "learning_rate_schedule": "none",
  "batch_norm": "false"
}