{
  "error": 0.01688835971678297,
  "elapsed_time": 319.51262378692627,
  "timestamp": "2025-04-30T13:17:52.432000",
  "additional_info": {
    "training_time": 319.51262378692627,
    "epochs": 500,
    "final_train_loss": null
  }
}