{
  "error": 0.028133433650840412,
  "elapsed_time": 286.4975531101227,
  "timestamp": "2025-04-24T13:16:48.520203",
  "additional_info": {
    "training_time": 286.4975531101227,
    "epochs": 100,
    "final_train_loss": null
  }
}