{
  "error": 0.031051684678955513,
  "elapsed_time": 121.42147850990295,
  "timestamp": "2025-04-24T11:45:40.133043",
  "additional_info": {
    "training_time": 121.42147850990295,
    "epochs": 100,
    "final_train_loss": null
  }
}