{
  "error": 0.08441008627414703,
  "elapsed_time": 1272.3690207004547,
  "timestamp": "2025-04-20T17:03:40.850237",
  "additional_info": {
    "training_time": 1272.3690207004547,
    "epochs": 50,
    "final_train_loss": null
  }
}