{
  "error": 0.06624345144345647,
  "elapsed_time": 3293.322513103485,
  "timestamp": "2025-04-30T13:09:53.484803",
  "additional_info": {
    "training_time": 3293.322513103485,
    "epochs": 200,
    "final_train_loss": null
  }
}