{
  "error": 0.06715951584989116,
  "elapsed_time": 1635.7426736354828,
  "timestamp": "2025-04-24T16:07:57.304806",
  "additional_info": {
    "training_time": 1635.7426736354828,
    "epochs": 300,
    "final_train_loss": null
  }
}