{
  "error": 0.06744485348463058,
  "elapsed_time": 237.34234976768494,
  "timestamp": "2025-04-29T14:28:04.710273",
  "additional_info": {
    "training_time": 237.34234976768494,
    "epochs": 100,
    "final_train_loss": null
  }
}