{
  "error": 0.02674694638699293,
  "elapsed_time": 6574.602601528168,
  "timestamp": "2025-04-30T13:12:35.717733",
  "additional_info": {
    "training_time": 6574.602601528168,
    "epochs": 600,
    "final_train_loss": null
  }
}