{
  "input_size": 3883,
  "output_size": 214,
  "hidden_sizes": [
    2048,
    1024,
    1024,
    512
  ],
  "lr": 5.033668390851034e-05,
  "weight_decay": 4.661709485737596e-05,
  "batch_size": 256,
  "max_epochs": 300,
  "dropout_rate": 0.129344165348954,
  "activation": "leaky_relu",
  "optimizer": "rmsprop",
  "learning_rate_schedule": "none",
  "batch_norm": "false"
}