{
  "error": 0.010061257518827915,
  "elapsed_time": 317.1027503013611,
  "timestamp": "2025-04-30T13:35:51.725517",
  "additional_info": {
    "training_time": 317.1027503013611,
    "epochs": 300,
    "final_train_loss": null
  }
}