{
  "error": 0.06294903416363966,
  "elapsed_time": 1158.6973707675934,
  "timestamp": "2025-04-29T22:34:15.603275",
  "additional_info": {
    "training_time": 1158.6973707675934,
    "epochs": 500,
    "final_train_loss": null
  }
}