{
  "input_size": 3883,
  "output_size": 214,
  "hidden_sizes": [
    1024,
    512,
    256
  ],
  "lr": 0.00012966511753760416,
  "weight_decay": 0.00027796975515266835,
  "batch_size": 64,
  "max_epochs": 100
}