{
  "error": 0.015149093402380293,
  "elapsed_time": 1044.6934955120087,
  "timestamp": "2025-04-29T22:38:42.629982",
  "additional_info": {
    "training_time": 1044.6934955120087,
    "epochs": 400,
    "final_train_loss": null
  }
}