{
  "error": 0.06877262348478491,
  "elapsed_time": 190.88258624076843,
  "timestamp": "2025-04-29T20:26:05.933205",
  "additional_info": {
    "training_time": 190.88258624076843,
    "epochs": 200,
    "final_train_loss": null
  }
}