{
  "input_size": 3883,
  "output_size": 214,
  "hidden_sizes": [
    3072,
    1536,
    768,
    384
  ],
  "lr": 0.0002546336538201494,
  "weight_decay": 1.5662538513939015e-05,
  "batch_size": 16,
  "max_epochs": 500,
  "dropout_rate": 0.2106785011385351,
  "activation": "tanh",
  "optimizer": "adam",
  "learning_rate_schedule": "step",
  "batch_norm": "true"
}