{
  "error": 0.06347155145236424,
  "elapsed_time": 146.31654810905457,
  "timestamp": "2025-04-29T14:23:41.855963",
  "additional_info": {
    "training_time": 146.31654810905457,
    "epochs": 50,
    "final_train_loss": null
  }
}