{
  "input_size": 3883,
  "output_size": 214,
  "hidden_sizes": [
    4096,
    2048,
    1024,
    512
  ],
  "lr": 0.0002318129944075726,
  "weight_decay": 0.00015076021849198942,
  "batch_size": 64,
  "max_epochs": 200,
  "dropout_rate": 0.051106332112599795,
  "activation": "selu",
  "optimizer": "rmsprop",
  "learning_rate_schedule": "none",
  "batch_norm": "false"
}