{
  "error": 0.02391313829205253,
  "elapsed_time": 1209.190766096115,
  "timestamp": "2025-04-30T12:31:38.741900",
  "additional_info": {
    "training_time": 1209.190766096115,
    "epochs": 200,
    "final_train_loss": null
  }
}