{
  "input_size": 3883,
  "output_size": 214,
  "hidden_sizes": [
    2048,
    1024,
    1024,
    512
  ],
  "lr": 0.012015724710323748,
  "weight_decay": 0.0003549079546095971,
  "batch_size": 128,
  "max_epochs": 100,
  "dropout_rate": 0.047705058245205656,
  "activation": "elu",
  "optimizer": "sgd_momentum",
  "learning_rate_schedule": "step",
  "batch_norm": "false"
}