{
  "input_size": 3883,
  "output_size": 214,
  "hidden_sizes": [
    2048,
    1024,
    512,
    256
  ],
  "lr": 0.0035033984911586884,
  "weight_decay": 2.497073714505272e-05,
  "batch_size": 128,
  "max_epochs": 200
}