{
  "input_size": 3883,
  "output_size": 214,
  "hidden_sizes": [
    2048,
    1024,
    1024,
    512
  ],
  "lr": 0.00036187332484341055,
  "weight_decay": 0.0006325217608524989,
  "batch_size": 256,
  "max_epochs": 300,
  "dropout_rate": 0.07642956959216601,
  "activation": "elu",
  "optimizer": "rmsprop",
  "learning_rate_schedule": "exponential",
  "batch_norm": "false"
}