{
  "error": 0.01060456270352006,
  "elapsed_time": 1592.1986434459686,
  "timestamp": "2025-04-29T20:01:39.891649",
  "additional_info": {
    "training_time": 1592.1986434459686,
    "epochs": 500,
    "final_train_loss": null
  }
}