{
  "error": 0.019320014553765457,
  "elapsed_time": 762.7775566577911,
  "timestamp": "2025-04-30T10:40:31.171059",
  "additional_info": {
    "training_time": 762.7775566577911,
    "epochs": 200,
    "final_train_loss": null
  }
}