{
  "input_size": 3883,
  "output_size": 214,
  "hidden_sizes": [
    2048,
    1024,
    512,
    256
  ],
  "lr": 0.010774755832405806,
  "weight_decay": 1.7406090490085783e-06,
  "batch_size": 64,
  "max_epochs": 500,
  "dropout_rate": 0.20519841349483076,
  "activation": "sigmoid",
  "optimizer": "rmsprop",
  "learning_rate_schedule": "cosine",
  "batch_norm": "false"
}