{
  "error": 0.047476305880329826,
  "elapsed_time": 1926.2855050563812,
  "timestamp": "2025-04-29T21:58:58.164360",
  "additional_info": {
    "training_time": 1926.2855050563812,
    "epochs": 500,
    "final_train_loss": null
  }
}