{
  "error": 0.022043492645025253,
  "elapsed_time": 237.9909176826477,
  "timestamp": "2025-04-30T13:04:59.676990",
  "additional_info": {
    "training_time": 237.9909176826477,
    "epochs": 500,
    "final_train_loss": null
  }
}