{
  "input_size": 3883,
  "output_size": 214,
  "hidden_sizes": [
    4096,
    2048,
    1024,
    512
  ],
  "lr": 0.00022554765509222085,
  "weight_decay": 6.6710683613066355e-06,
  "batch_size": 128,
  "max_epochs": 50,
  "dropout_rate": 0.33585034220292836,
  "activation": "selu",
  "optimizer": "adamw",
  "learning_rate_schedule": "exponential",
  "batch_norm": "true"
}