{
  "error": 0.013071734147767225,
  "elapsed_time": 215.6591601371765,
  "timestamp": "2025-04-24T15:36:28.469038",
  "additional_info": {
    "training_time": 215.6591601371765,
    "epochs": 50,
    "final_train_loss": null
  }
}