{
  "input_size": 3883,
  "output_size": 214,
  "hidden_sizes": [
    4096,
    2048,
    1024,
    512
  ],
  "lr": 0.004974830946036506,
  "weight_decay": 1.827555348909008e-06,
  "batch_size": 64,
  "max_epochs": 500,
  "dropout_rate": 0.24057005092740874,
  "activation": "prelu",
  "optimizer": "sgd_momentum",
  "learning_rate_schedule": "none",
  "batch_norm": "false"
}