{
  "error": 0.034079899842088875,
  "elapsed_time": 2541.6204721927643,
  "timestamp": "2025-04-30T12:25:28.516458",
  "additional_info": {
    "training_time": 2541.6204721927643,
    "epochs": 500,
    "final_train_loss": null
  }
}