{
  "error": 0.03137377370148897,
  "elapsed_time": 140.30678939819336,
  "timestamp": "2025-04-29T14:38:17.387411",
  "additional_info": {
    "training_time": 140.30678939819336,
    "epochs": 100,
    "final_train_loss": null
  }
}