{
  "input_size": 3883,
  "output_size": 214,
  "hidden_sizes": [
    1024,
    512,
    256
  ],
  "lr": 5.292387946821865e-05,
  "weight_decay": 1.4389692318949958e-06,
  "batch_size": 16,
  "max_epochs": 300,
  "dropout_rate": 0.018798386603130435,
  "activation": "sigmoid",
  "optimizer": "adam",
  "learning_rate_schedule": "exponential",
  "batch_norm": "false"
}