{
  "error": 0.056416600942611694,
  "elapsed_time": 1251.5086605548859,
  "timestamp": "2025-04-29T23:30:17.212882",
  "additional_info": {
    "training_time": 1251.5086605548859,
    "epochs": 300,
    "final_train_loss": null
  }
}