{
  "error": 0.053245642307129776,
  "elapsed_time": 488.22760701179504,
  "timestamp": "2025-04-29T21:30:16.174116",
  "additional_info": {
    "training_time": 488.22760701179504,
    "epochs": 100,
    "final_train_loss": null
  }
}