{
  "error": 0.04963168368807861,
  "elapsed_time": 514.1646726131439,
  "timestamp": "2025-04-30T11:02:58.184649",
  "additional_info": {
    "training_time": 514.1646726131439,
    "epochs": 150,
    "final_train_loss": null
  }
}