{
  "error": 0.04545533045061997,
  "elapsed_time": 2292.5051052570343,
  "timestamp": "2025-04-29T23:48:41.341605",
  "additional_info": {
    "training_time": 2292.5051052570343,
    "epochs": 500,
    "final_train_loss": null
  }
}