{
  "error": 0.0809188840822095,
  "elapsed_time": 409.7543873786926,
  "timestamp": "2025-04-29T20:09:04.295889",
  "additional_info": {
    "training_time": 409.7543873786926,
    "epochs": 100,
    "final_train_loss": null
  }
}