{
  "error": 0.06905800450061049,
  "elapsed_time": 167.7469356060028,
  "timestamp": "2025-04-30T10:48:08.066295",
  "additional_info": {
    "training_time": 167.7469356060028,
    "epochs": 100,
    "final_train_loss": null
  }
}