{
  "error": 0.040342679690747035,
  "elapsed_time": 2232.4474091529846,
  "timestamp": "2025-04-30T12:59:13.666526",
  "additional_info": {
    "training_time": 2232.4474091529846,
    "epochs": 200,
    "final_train_loss": null
  }
}