{
  "input_size": 3883,
  "output_size": 214,
  "hidden_sizes": [
    2048,
    1024,
    1024,
    512
  ],
  "lr": 0.0012292955120989841,
  "weight_decay": 2.77500548045445e-05,
  "batch_size": 64,
  "max_epochs": 500,
  "dropout_rate": 0.05149073966565776,
  "activation": "selu",
  "optimizer": "adam",
  "learning_rate_schedule": "cosine",
  "batch_norm": "true"
}