{
  "error": 0.048357376998121086,
  "elapsed_time": 1277.665001153946,
  "timestamp": "2025-04-30T12:59:47.142992",
  "additional_info": {
    "training_time": 1277.665001153946,
    "epochs": 500,
    "final_train_loss": null
  }
}