{
  "input_size": 3883,
  "output_size": 214,
  "hidden_sizes": [
    512,
    256,
    128
  ],
  "lr": 0.010890853305402253,
  "weight_decay": 6.596099207886096e-05,
  "batch_size": 64,
  "max_epochs": 50,
  "dropout_rate": 0.3317508845540279,
  "activation": "relu",
  "optimizer": "adamw",
  "learning_rate_schedule": "exponential",
  "batch_norm": "false"
}