{
  "error": 0.06759966300292448,
  "elapsed_time": 29.198580741882324,
  "timestamp": "2025-04-24T14:55:11.343550",
  "additional_info": {
    "training_time": 29.198580741882324,
    "epochs": 50,
    "final_train_loss": null
  }
}