{
  "input_size": 3883,
  "output_size": 214,
  "hidden_sizes": [
    512,
    256,
    128
  ],
  "lr": 0.00013458742819642312,
  "weight_decay": 1.1140616389973697e-06,
  "batch_size": 16,
  "max_epochs": 600,
  "dropout_rate": 0.19744075908778486,
  "activation": "selu",
  "optimizer": "rmsprop",
  "learning_rate_schedule": "cosine",
  "batch_norm": "true"
}