{
  "error": 0.04129312153566967,
  "elapsed_time": 441.0156469345093,
  "timestamp": "2025-04-29T22:12:50.799909",
  "additional_info": {
    "training_time": 441.0156469345093,
    "epochs": 200,
    "final_train_loss": null
  }
}