{
  "error": 0.019382896833121777,
  "elapsed_time": 954.8221523761749,
  "timestamp": "2025-04-29T23:21:38.329239",
  "additional_info": {
    "training_time": 954.8221523761749,
    "epochs": 500,
    "final_train_loss": null
  }
}