{
  "error": 0.07211850459376971,
  "elapsed_time": 86.84292459487915,
  "timestamp": "2025-04-24T15:13:13.424529",
  "additional_info": {
    "training_time": 86.84292459487915,
    "epochs": 50,
    "final_train_loss": null
  }
}