{
  "error": 0.02379685521803119,
  "elapsed_time": 156.4686770439148,
  "timestamp": "2025-04-29T22:30:08.811719",
  "additional_info": {
    "training_time": 156.4686770439148,
    "epochs": 100,
    "final_train_loss": null
  }
}