{
  "error": 0.008866569958627224,
  "elapsed_time": 132.6147346496582,
  "timestamp": "2025-04-29T23:29:45.313256",
  "additional_info": {
    "training_time": 132.6147346496582,
    "epochs": 300,
    "final_train_loss": null
  }
}