{
  "error": 0.02851889773525975,
  "elapsed_time": 1909.5136969089508,
  "timestamp": "2025-04-30T13:50:31.056561",
  "additional_info": {
    "training_time": 1909.5136969089508,
    "epochs": 600,
    "final_train_loss": null
  }
}