{
  "input_size": 3883,
  "output_size": 214,
  "hidden_sizes": [
    2048,
    1024,
    512
  ],
  "lr": 0.0027467540615906654,
  "weight_decay": 0.0006139428803386756,
  "batch_size": 64,
  "max_epochs": 600,
  "dropout_rate": 0.238309742063206,
  "activation": "tanh",
  "optimizer": "rmsprop",
  "learning_rate_schedule": "none",
  "batch_norm": "false"
}