{
  "error": 0.05719586597247557,
  "elapsed_time": 2234.8423125743866,
  "timestamp": "2025-04-29T22:07:46.271173",
  "additional_info": {
    "training_time": 2234.8423125743866,
    "epochs": 600,
    "final_train_loss": null
  }
}