{
  "error": 0.04499499635262923,
  "elapsed_time": 1194.845950603485,
  "timestamp": "2025-04-30T12:59:16.731881",
  "additional_info": {
    "training_time": 1194.845950603485,
    "epochs": 400,
    "final_train_loss": null
  }
}