{
  "error": 0.021409414962611416,
  "elapsed_time": 437.0794792175293,
  "timestamp": "2025-04-29T14:31:25.740008",
  "additional_info": {
    "training_time": 437.0794792175293,
    "epochs": 200,
    "final_train_loss": null
  }
}