{
  "input_size": 3883,
  "output_size": 214,
  "hidden_sizes": [
    2048,
    1024,
    512
  ],
  "lr": 0.00869299151113955,
  "weight_decay": 0.0003550304858128307,
  "batch_size": 64,
  "max_epochs": 100
}