{
  "error": 0.15190995958718387,
  "elapsed_time": 291.1661353111267,
  "timestamp": "2025-04-24T13:16:53.189359",
  "additional_info": {
    "training_time": 291.1661353111267,
    "epochs": 100,
    "final_train_loss": null
  }
}