{
  "input_size": 3883,
  "output_size": 214,
  "hidden_sizes": [
    2048,
    1024,
    512
  ],
  "lr": 0.00028681134821030097,
  "weight_decay": 1.425475704402744e-05,
  "batch_size": 128,
  "max_epochs": 200
}