{
  "input_size": 3883,
  "output_size": 214,
  "hidden_sizes": [
    512,
    256,
    128
  ],
  "lr": 0.0018735497784242792,
  "weight_decay": 3.16901020122393e-05,
  "batch_size": 64,
  "max_epochs": 100
}