{
  "error": 0.013699530313412348,
  "elapsed_time": 136.3156497478485,
  "timestamp": "2025-04-29T19:37:24.009611",
  "additional_info": {
    "training_time": 136.3156497478485,
    "epochs": 100,
    "final_train_loss": null
  }
}