{
  "input_size": 3883,
  "output_size": 214,
  "hidden_sizes": [
    1024,
    1024,
    1024
  ],
  "lr": 0.00017076427256518506,
  "weight_decay": 1.373048110687019e-05,
  "batch_size": 16,
  "max_epochs": 600,
  "dropout_rate": 0.3607982753756386,
  "activation": "sigmoid",
  "optimizer": "rmsprop",
  "learning_rate_schedule": "none",
  "batch_norm": "false"
}