{
  "input_size": 3883,
  "output_size": 214,
  "hidden_sizes": [
    512,
    256,
    128
  ],
  "lr": 0.0007433546868684662,
  "weight_decay": 1.0959604536925839e-06,
  "batch_size": 16,
  "max_epochs": 200,
  "dropout_rate": 0.28164410892276964,
  "activation": "leaky_relu",
  "optimizer": "adam",
  "learning_rate_schedule": "step",
  "batch_norm": "true"
}