{
  "error": 0.05150524770752305,
  "elapsed_time": 3073.1051025390625,
  "timestamp": "2025-04-29T22:31:46.298865",
  "additional_info": {
    "training_time": 3073.1051025390625,
    "epochs": 600,
    "final_train_loss": null
  }
}