{
  "error": 0.018368422985076904,
  "elapsed_time": 129.7024257183075,
  "timestamp": "2025-04-29T19:57:52.435904",
  "additional_info": {
    "training_time": 129.7024257183075,
    "epochs": 200,
    "final_train_loss": null
  }
}