{
  "error": 0.057215699393834384,
  "elapsed_time": 4355.154864311218,
  "timestamp": "2025-04-29T15:10:50.164335",
  "additional_info": {
    "training_time": 4355.154864311218,
    "epochs": 600,
    "final_train_loss": null
  }
}