{
  "input_size": 3883,
  "output_size": 214,
  "hidden_sizes": [
    4096,
    2048,
    1024
  ],
  "lr": 0.0001255444266886495,
  "weight_decay": 2.296576432713121e-05,
  "batch_size": 32,
  "max_epochs": 200,
  "dropout_rate": 0.008930946239159687,
  "activation": "tanh",
  "optimizer": "rmsprop",
  "learning_rate_schedule": "exponential",
  "batch_norm": "true"
}