{
  "error": 0.028617130858557566,
  "elapsed_time": 1885.636253118515,
  "timestamp": "2025-04-30T00:08:41.256723",
  "additional_info": {
    "training_time": 1885.636253118515,
    "epochs": 200,
    "final_train_loss": null
  }
}