{
  "error": 0.04323979875161534,
  "elapsed_time": 203.08312368392944,
  "timestamp": "2025-04-30T13:25:35.809674",
  "additional_info": {
    "training_time": 203.08312368392944,
    "epochs": 50,
    "final_train_loss": null
  }
}