{
  "input_size": 3883,
  "output_size": 214,
  "hidden_sizes": [
    2048,
    1024,
    512,
    256
  ],
  "lr": 0.0060128977680929474,
  "weight_decay": 7.650699925531628e-05,
  "batch_size": 64,
  "max_epochs": 300,
  "dropout_rate": 0.0012975121918232801,
  "activation": "selu",
  "optimizer": "adam",
  "learning_rate_schedule": "exponential",
  "batch_norm": "true"
}