{
  "input_size": 3883,
  "output_size": 214,
  "hidden_sizes": [
    1024,
    256
  ],
  "lr": 0.006759574377750826,
  "weight_decay": 0.0005012762811014226,
  "batch_size": 64,
  "max_epochs": 50
}