{
  "error": 0.10694901645183563,
  "elapsed_time": 967.4772393703461,
  "timestamp": "2025-04-20T17:06:32.627136",
  "additional_info": {
    "training_time": 967.4772393703461,
    "epochs": 50,
    "final_train_loss": null
  }
}