{
  "error": 0.023442814803936264,
  "elapsed_time": 403.12613701820374,
  "timestamp": "2025-04-24T11:50:21.835194",
  "additional_info": {
    "training_time": 403.12613701820374,
    "epochs": 200,
    "final_train_loss": null
  }
}