{
  "error": 0.02407846108756282,
  "elapsed_time": 517.41259765625,
  "timestamp": "2025-04-24T13:20:39.435390",
  "additional_info": {
    "training_time": 517.41259765625,
    "epochs": 200,
    "final_train_loss": null
  }
}