{
  "error": 0.05448333411054178,
  "elapsed_time": 195.01112270355225,
  "timestamp": "2025-04-29T20:43:50.968109",
  "additional_info": {
    "training_time": 195.01112270355225,
    "epochs": 100,
    "final_train_loss": null
  }
}