{
  "error": 0.01294093206524849,
  "elapsed_time": 190.24973845481873,
  "timestamp": "2025-04-29T20:14:06.906267",
  "additional_info": {
    "training_time": 190.24973845481873,
    "epochs": 100,
    "final_train_loss": null
  }
}