{
  "input_size": 3883,
  "output_size": 214,
  "hidden_sizes": [
    768,
    512,
    256
  ],
  "lr": 0.01955608416440164,
  "weight_decay": 0.0007875135841747086,
  "batch_size": 256,
  "max_epochs": 300,
  "dropout_rate": 0.44131817159466985,
  "activation": "elu",
  "optimizer": "adam",
  "learning_rate_schedule": "none",
  "batch_norm": "true"
}