{
  "error": 0.25457842151323956,
  "elapsed_time": 282.904128074646,
  "timestamp": "2025-04-24T14:57:51.166479",
  "additional_info": {
    "training_time": 282.904128074646,
    "epochs": 300,
    "final_train_loss": null
  }
}