{
  "error": 0.03290458325119246,
  "elapsed_time": 783.3559076786041,
  "timestamp": "2025-04-29T21:21:13.885744",
  "additional_info": {
    "training_time": 783.3559076786041,
    "epochs": 100,
    "final_train_loss": null
  }
}