{
  "error": 0.08925588180621465,
  "elapsed_time": 244.37433195114136,
  "timestamp": "2025-04-30T13:00:35.438430",
  "additional_info": {
    "training_time": 244.37433195114136,
    "epochs": 100,
    "final_train_loss": null
  }
}