{
  "input_size": 3883,
  "output_size": 214,
  "hidden_sizes": [
    1024,
    512,
    256
  ],
  "lr": 0.007765016526686019,
  "weight_decay": 0.00020265308711258227,
  "batch_size": 128,
  "max_epochs": 600,
  "dropout_rate": 0.022930633202316475,
  "activation": "leaky_relu",
  "optimizer": "adam",
  "learning_rate_schedule": "step",
  "batch_norm": "true"
}