{
  "input_size": 3883,
  "output_size": 214,
  "hidden_sizes": [
    4096,
    2048,
    1024,
    512
  ],
  "lr": 0.00033758499851209195,
  "weight_decay": 7.54525860506863e-05,
  "batch_size": 256,
  "max_epochs": 100,
  "dropout_rate": 0.43833268893122473,
  "activation": "leaky_relu",
  "optimizer": "sgd_momentum",
  "learning_rate_schedule": "cosine",
  "batch_norm": "false"
}