{
  "error": 0.09375053457915783,
  "elapsed_time": 1762.2244555950165,
  "timestamp": "2025-04-29T22:05:09.975211",
  "additional_info": {
    "training_time": 1762.2244555950165,
    "epochs": 150,
    "final_train_loss": null
  }
}