{
  "input_size": 3883,
  "output_size": 214,
  "hidden_sizes": [
    1024,
    512,
    256
  ],
  "lr": 0.014290011711272498,
  "weight_decay": 0.0006803850954616794,
  "batch_size": 128,
  "max_epochs": 150,
  "dropout_rate": 0.40047464734119986,
  "activation": "selu",
  "optimizer": "adamw",
  "learning_rate_schedule": "cosine",
  "batch_norm": "false"
}