{
  "input_size": 3883,
  "output_size": 214,
  "hidden_sizes": [
    1024,
    256
  ],
  "lr": 0.007328847670948925,
  "weight_decay": 4.335281794951567e-06,
  "batch_size": 128,
  "max_epochs": 300,
  "dropout_rate": 0.30874075481385826,
  "activation": "leaky_relu",
  "optimizer": "adamw",
  "learning_rate_schedule": "none",
  "batch_norm": "false"
}