{
  "error": 0.0253061397622029,
  "elapsed_time": 180.06354904174805,
  "timestamp": "2025-04-29T13:56:36.620569",
  "additional_info": {
    "training_time": 180.06354904174805,
    "epochs": 300,
    "final_train_loss": null
  }
}