{
  "error": 0.008786667138338089,
  "elapsed_time": 668.3194537162781,
  "timestamp": "2025-04-30T11:06:28.567704",
  "additional_info": {
    "training_time": 668.3194537162781,
    "epochs": 600,
    "final_train_loss": null
  }
}