{
  "error": 0.08850769308351335,
  "elapsed_time": 877.3152124881744,
  "timestamp": "2025-04-29T21:26:03.821213",
  "additional_info": {
    "training_time": 877.3152124881744,
    "epochs": 150,
    "final_train_loss": null
  }
}