{
  "input_size": 3883,
  "output_size": 214,
  "hidden_sizes": [
    2048,
    1024,
    512
  ],
  "lr": 0.0015620693675639863,
  "weight_decay": 7.792297153882993e-05,
  "batch_size": 128,
  "max_epochs": 200
}