{
  "error": 0.23222910003228622,
  "elapsed_time": 3952.317500591278,
  "timestamp": "2025-04-20T16:20:22.338607",
  "additional_info": {
    "training_time": 3952.317500591278,
    "epochs": 100,
    "final_train_loss": null
  }
}