{
  "error": 0.05099343229085207,
  "elapsed_time": 368.8872539997101,
  "timestamp": "2025-04-24T11:49:47.588140",
  "additional_info": {
    "training_time": 368.8872539997101,
    "epochs": 200,
    "final_train_loss": null
  }
}