{
  "error": 0.04845633637160063,
  "elapsed_time": 83.57513523101807,
  "timestamp": "2025-04-24T13:13:25.599448",
  "additional_info": {
    "training_time": 83.57513523101807,
    "epochs": 200,
    "final_train_loss": null
  }
}