{
  "error": 0.021623647602444344,
  "elapsed_time": 752.9747214317322,
  "timestamp": "2025-04-30T12:39:01.569589",
  "additional_info": {
    "training_time": 752.9747214317322,
    "epochs": 400,
    "final_train_loss": null
  }
}