{
  "input_size": 3883,
  "output_size": 214,
  "hidden_sizes": [
    4096,
    2048,
    1024
  ],
  "lr": 0.00029331470087280394,
  "weight_decay": 9.282229301554022e-06,
  "batch_size": 16,
  "max_epochs": 50,
  "dropout_rate": 0.35124204199355463,
  "activation": "selu",
  "optimizer": "sgd_momentum",
  "learning_rate_schedule": "none",
  "batch_norm": "false"
}