{
  "input_size": 3883,
  "output_size": 214,
  "hidden_sizes": [
    768,
    512,
    256
  ],
  "lr": 0.0010159255306312555,
  "weight_decay": 5.379125214937585e-05,
  "batch_size": 16,
  "max_epochs": 300,
  "dropout_rate": 0.11509263412077764,
  "activation": "selu",
  "optimizer": "sgd_momentum",
  "learning_rate_schedule": "exponential",
  "batch_norm": "true"
}