{
  "error": 0.045778221894233,
  "elapsed_time": 279.88854336738586,
  "timestamp": "2025-04-24T14:51:38.844397",
  "additional_info": {
    "training_time": 279.88854336738586,
    "epochs": 100,
    "final_train_loss": null
  }
}