{
  "error": 0.07858971878886223,
  "elapsed_time": 3408.755736351013,
  "timestamp": "2025-04-24T16:35:23.607663",
  "additional_info": {
    "training_time": 3408.755736351013,
    "epochs": 200,
    "final_train_loss": null
  }
}