{
  "error": 0.06585744502288955,
  "elapsed_time": 880.050448179245,
  "timestamp": "2025-04-24T15:23:19.336446",
  "additional_info": {
    "training_time": 880.050448179245,
    "epochs": 100,
    "final_train_loss": null
  }
}