{
  "input_size": 3883,
  "output_size": 214,
  "hidden_sizes": [
    3072,
    1536,
    768,
    384
  ],
  "lr": 0.0017342033105307263,
  "weight_decay": 1.1237112792113078e-05,
  "batch_size": 128,
  "max_epochs": 150,
  "dropout_rate": 0.3885734579637184,
  "activation": "leaky_relu",
  "optimizer": "sgd_momentum",
  "learning_rate_schedule": "cosine",
  "batch_norm": "false"
}