{
  "input_size": 3883,
  "output_size": 214,
  "hidden_sizes": [
    4096,
    2048,
    1024,
    512
  ],
  "lr": 0.0007833632113880914,
  "weight_decay": 1.0025956902289558e-05,
  "batch_size": 64,
  "max_epochs": 300,
  "dropout_rate": 0.48495492608099716,
  "activation": "selu",
  "optimizer": "adamw",
  "learning_rate_schedule": "step",
  "batch_norm": "false"
}