{
  "error": 0.024312872778285633,
  "elapsed_time": 1887.5274257659912,
  "timestamp": "2025-04-24T15:16:33.476621",
  "additional_info": {
    "training_time": 1887.5274257659912,
    "epochs": 300,
    "final_train_loss": null
  }
}