{
  "error": 0.024075159714335485,
  "elapsed_time": 917.1700553894043,
  "timestamp": "2025-04-29T22:59:51.543625",
  "additional_info": {
    "training_time": 917.1700553894043,
    "epochs": 600,
    "final_train_loss": null
  }
}