{
  "error": 0.06338777934156713,
  "elapsed_time": 654.3981101512909,
  "timestamp": "2025-04-24T15:47:47.614246",
  "additional_info": {
    "training_time": 654.3981101512909,
    "epochs": 150,
    "final_train_loss": null
  }
}