{
  "input_size": 3883,
  "output_size": 214,
  "hidden_sizes": [
    1024,
    256
  ],
  "lr": 0.003875281132156813,
  "weight_decay": 0.0008463621602561947,
  "batch_size": 128,
  "max_epochs": 100,
  "dropout_rate": 0.16147823647062298,
  "activation": "relu",
  "optimizer": "rmsprop",
  "learning_rate_schedule": "cosine",
  "batch_norm": "true"
}