{
  "error": 0.05780703467982156,
  "elapsed_time": 78.70765519142151,
  "timestamp": "2025-04-30T10:43:34.412253",
  "additional_info": {
    "training_time": 78.70765519142151,
    "epochs": 50,
    "final_train_loss": null
  }
}