{
  "error": 0.04864709575970968,
  "elapsed_time": 64.2214846611023,
  "timestamp": "2025-04-30T11:32:31.422282",
  "additional_info": {
    "training_time": 64.2214846611023,
    "epochs": 100,
    "final_train_loss": null
  }
}