{
  "error": 0.02357040565799583,
  "elapsed_time": 80.32034134864807,
  "timestamp": "2025-04-24T14:56:33.609781",
  "additional_info": {
    "training_time": 80.32034134864807,
    "epochs": 50,
    "final_train_loss": null
  }
}