{
  "input_size": 3883,
  "output_size": 214,
  "hidden_sizes": [
    4096,
    2048,
    1024
  ],
  "lr": 0.0015281619955091578,
  "weight_decay": 1.1702810634779682e-05,
  "batch_size": 256,
  "max_epochs": 400,
  "dropout_rate": 0.3028874096784436,
  "activation": "relu",
  "optimizer": "adam",
  "learning_rate_schedule": "step",
  "batch_norm": "true"
}