{
  "error": 0.01666280223677556,
  "elapsed_time": 1003.0211472511292,
  "timestamp": "2025-04-29T21:39:54.695414",
  "additional_info": {
    "training_time": 1003.0211472511292,
    "epochs": 400,
    "final_train_loss": null
  }
}