{
  "error": 0.07248469415519919,
  "elapsed_time": 2875.734187602997,
  "timestamp": "2025-04-24T15:44:11.269732",
  "additional_info": {
    "training_time": 2875.734187602997,
    "epochs": 300,
    "final_train_loss": null
  }
}