{
  "error": 0.029177863416927203,
  "elapsed_time": 969.7420604228973,
  "timestamp": "2025-04-30T10:23:36.348325",
  "additional_info": {
    "training_time": 969.7420604228973,
    "epochs": 600,
    "final_train_loss": null
  }
}