{
  "error": 0.013280589288721481,
  "elapsed_time": 354.02424454689026,
  "timestamp": "2025-04-29T21:13:32.399152",
  "additional_info": {
    "training_time": 354.02424454689026,
    "epochs": 400,
    "final_train_loss": null
  }
}