{
  "error": 0.07670493352980841,
  "elapsed_time": 398.49795842170715,
  "timestamp": "2025-04-30T13:08:43.945096",
  "additional_info": {
    "training_time": 398.49795842170715,
    "epochs": 50,
    "final_train_loss": null
  }
}