{
  "error": 0.021708855066787113,
  "elapsed_time": 1089.4689388275146,
  "timestamp": "2025-04-29T21:53:18.571167",
  "additional_info": {
    "training_time": 1089.4689388275146,
    "epochs": 500,
    "final_train_loss": null
  }
}