{
  "error": 0.014288639649748802,
  "elapsed_time": 81.6402952671051,
  "timestamp": "2025-04-24T15:11:34.535429",
  "additional_info": {
    "training_time": 81.6402952671051,
    "epochs": 50,
    "final_train_loss": null
  }
}