{
  "error": 0.029600427570668133,
  "elapsed_time": 246.32621502876282,
  "timestamp": "2025-04-29T22:43:50.023981",
  "additional_info": {
    "training_time": 246.32621502876282,
    "epochs": 400,
    "final_train_loss": null
  }
}