{
  "input_size": 3883,
  "output_size": 214,
  "hidden_sizes": [
    1024,
    512,
    256
  ],
  "lr": 0.00025558184682932314,
  "weight_decay": 1.135460497143289e-06,
  "batch_size": 32,
  "max_epochs": 600,
  "dropout_rate": 0.05887554144507057,
  "activation": "sigmoid",
  "optimizer": "adam",
  "learning_rate_schedule": "step",
  "batch_norm": "false"
}