{
  "error": 0.029419481843000368,
  "elapsed_time": 1167.3535850048065,
  "timestamp": "2025-04-30T13:16:46.673517",
  "additional_info": {
    "training_time": 1167.3535850048065,
    "epochs": 600,
    "final_train_loss": null
  }
}