{
  "error": 0.017432912563284237,
  "elapsed_time": 99.88587069511414,
  "timestamp": "2025-04-30T10:10:23.726716",
  "additional_info": {
    "training_time": 99.88587069511414,
    "epochs": 200,
    "final_train_loss": null
  }
}