{
  "input_size": 3883,
  "output_size": 214,
  "hidden_sizes": [
    3072,
    1536,
    768,
    384
  ],
  "lr": 0.0005520894375090704,
  "weight_decay": 2.4323015184601963e-05,
  "batch_size": 64,
  "max_epochs": 200,
  "dropout_rate": 0.45592620442148235,
  "activation": "selu",
  "optimizer": "adamw",
  "learning_rate_schedule": "step",
  "batch_norm": "true"
}