{
  "input_size": 3883,
  "output_size": 214,
  "hidden_sizes": [
    2048,
    1024,
    512,
    256
  ],
  "lr": 0.0024226939443894595,
  "weight_decay": 1.0036011053920673e-06,
  "batch_size": 256,
  "max_epochs": 50,
  "dropout_rate": 0.15239062907901452,
  "activation": "leaky_relu",
  "optimizer": "rmsprop",
  "learning_rate_schedule": "cosine",
  "batch_norm": "true"
}