{
  "error": 0.016690895582238834,
  "elapsed_time": 52.101935625076294,
  "timestamp": "2025-04-24T14:47:50.254908",
  "additional_info": {
    "training_time": 52.101935625076294,
    "epochs": 50,
    "final_train_loss": null
  }
}