{
  "input_size": 3883,
  "output_size": 214,
  "hidden_sizes": [
    512,
    256,
    128
  ],
  "lr": 0.0004253162363790873,
  "weight_decay": 0.0001040258761588385,
  "batch_size": 64,
  "max_epochs": 50
}