{
  "input_size": 3883,
  "output_size": 214,
  "hidden_sizes": [
    4096,
    2048,
    1024,
    512
  ],
  "lr": 0.0020561399443873095,
  "weight_decay": 0.00012949091638211226,
  "batch_size": 64,
  "max_epochs": 200,
  "dropout_rate": 0.49023136254618893,
  "activation": "leaky_relu",
  "optimizer": "adamw",
  "learning_rate_schedule": "step",
  "batch_norm": "false"
}