{
  "error": 0.04713173921812664,
  "elapsed_time": 1165.2194797992706,
  "timestamp": "2025-04-24T15:53:09.470616",
  "additional_info": {
    "training_time": 1165.2194797992706,
    "epochs": 200,
    "final_train_loss": null
  }
}