{
  "error": 0.03996291135748228,
  "elapsed_time": 741.0941474437714,
  "timestamp": "2025-04-29T22:47:00.821697",
  "additional_info": {
    "training_time": 741.0941474437714,
    "epochs": 500,
    "final_train_loss": null
  }
}