{
  "input_size": 3883,
  "output_size": 214,
  "hidden_sizes": [
    4096,
    2048,
    1024
  ],
  "lr": 0.0012684732399442218,
  "weight_decay": 5.757759187507041e-05,
  "batch_size": 16,
  "max_epochs": 200,
  "dropout_rate": 0.30351712384334234,
  "activation": "relu",
  "optimizer": "adam",
  "learning_rate_schedule": "none",
  "batch_norm": "true"
}