{
  "error": 0.07583823737998803,
  "elapsed_time": 4043.2324843406677,
  "timestamp": "2025-04-24T15:52:30.133965",
  "additional_info": {
    "training_time": 4043.2324843406677,
    "epochs": 200,
    "final_train_loss": null
  }
}