{
  "input_size": 3883,
  "output_size": 214,
  "hidden_sizes": [
    512,
    256,
    128
  ],
  "lr": 0.00014212874233506534,
  "weight_decay": 0.00011825328508422651,
  "batch_size": 32,
  "max_epochs": 50,
  "dropout_rate": 0.33784505851964036,
  "activation": "relu",
  "optimizer": "adam",
  "learning_rate_schedule": "step",
  "batch_norm": "true"
}