{
  "error": 0.04689956757993925,
  "elapsed_time": 49.27948474884033,
  "timestamp": "2025-04-24T14:52:55.773031",
  "additional_info": {
    "training_time": 49.27948474884033,
    "epochs": 50,
    "final_train_loss": null
  }
}