{
  "error": 0.03230572813613848,
  "elapsed_time": 404.19639801979065,
  "timestamp": "2025-04-29T21:00:04.428399",
  "additional_info": {
    "training_time": 404.19639801979065,
    "epochs": 600,
    "final_train_loss": null
  }
}