{
  "input_size": 3883,
  "output_size": 214,
  "hidden_sizes": [
    4096,
    2048,
    1024
  ],
  "lr": 0.0002698771808066383,
  "weight_decay": 5.727265046691274e-06,
  "batch_size": 64,
  "max_epochs": 300,
  "dropout_rate": 0.024391790836586547,
  "activation": "leaky_relu",
  "optimizer": "adamw",
  "learning_rate_schedule": "none",
  "batch_norm": "false"
}