{
  "error": 0.01593754564722379,
  "elapsed_time": 278.19660663604736,
  "timestamp": "2025-04-29T20:17:45.326228",
  "additional_info": {
    "training_time": 278.19660663604736,
    "epochs": 500,
    "final_train_loss": null
  }
}