{
  "error": 0.053935504562798,
  "elapsed_time": 1121.9694921970367,
  "timestamp": "2025-04-29T21:39:46.701120",
  "additional_info": {
    "training_time": 1121.9694921970367,
    "epochs": 400,
    "final_train_loss": null
  }
}