{
  "input_size": 3883,
  "output_size": 214,
  "hidden_sizes": [
    2048,
    1024,
    1024,
    512
  ],
  "lr": 0.006656633762712468,
  "weight_decay": 0.0008015327949118781,
  "batch_size": 64,
  "max_epochs": 50,
  "dropout_rate": 0.29497794856881804,
  "activation": "elu",
  "optimizer": "sgd_momentum",
  "learning_rate_schedule": "cosine",
  "batch_norm": "true"
}