{
  "error": 0.11708092418583957,
  "elapsed_time": 180.96915245056152,
  "timestamp": "2025-04-29T15:09:07.594291",
  "additional_info": {
    "training_time": 180.96915245056152,
    "epochs": 50,
    "final_train_loss": null
  }
}