{
  "error": 0.0351640810923917,
  "elapsed_time": 230.9765350818634,
  "timestamp": "2025-04-29T15:08:06.601262",
  "additional_info": {
    "training_time": 230.9765350818634,
    "epochs": 100,
    "final_train_loss": null
  }
}