{
  "error": 0.09330417907663754,
  "elapsed_time": 4145.187029838562,
  "timestamp": "2025-04-29T21:20:33.768205",
  "additional_info": {
    "training_time": 4145.187029838562,
    "epochs": 500,
    "final_train_loss": null
  }
}