{
  "input_size": 3883,
  "output_size": 214,
  "hidden_sizes": [
    2048,
    1024,
    512,
    256
  ],
  "lr": 0.006511137745332813,
  "weight_decay": 3.5015835937028965e-05,
  "batch_size": 128,
  "max_epochs": 100
}