{
  "error": 0.03829075005792436,
  "elapsed_time": 637.5368502140045,
  "timestamp": "2025-04-30T11:54:51.718324",
  "additional_info": {
    "training_time": 637.5368502140045,
    "epochs": 200,
    "final_train_loss": null
  }
}