{
  "input_size": 3883,
  "output_size": 214,
  "hidden_sizes": [
    4096,
    2048,
    1024,
    512
  ],
  "lr": 0.000396658725924042,
  "weight_decay": 0.0004901908831315694,
  "batch_size": 64,
  "max_epochs": 150,
  "dropout_rate": 0.3337788692605136,
  "activation": "leaky_relu",
  "optimizer": "adam",
  "learning_rate_schedule": "step",
  "batch_norm": "true"
}