{
  "error": 0.08055269966522853,
  "elapsed_time": 1112.3167386054993,
  "timestamp": "2025-04-30T13:55:01.717014",
  "additional_info": {
    "training_time": 1112.3167386054993,
    "epochs": 600,
    "final_train_loss": null
  }
}