{
  "input_size": 3883,
  "output_size": 214,
  "hidden_sizes": [
    768,
    512,
    256
  ],
  "lr": 0.00015286299273055805,
  "weight_decay": 1.3253342600066535e-06,
  "batch_size": 128,
  "max_epochs": 200,
  "dropout_rate": 0.3387821809211412,
  "activation": "prelu",
  "optimizer": "adamw",
  "learning_rate_schedule": "cosine",
  "batch_norm": "true"
}