{
  "error": 0.012621234015872082,
  "elapsed_time": 89.84697580337524,
  "timestamp": "2025-04-29T19:45:45.773494",
  "additional_info": {
    "training_time": 89.84697580337524,
    "epochs": 200,
    "final_train_loss": null
  }
}