{
  "error": 0.016507829849918682,
  "elapsed_time": 322.73104190826416,
  "timestamp": "2025-04-29T22:43:49.901505",
  "additional_info": {
    "training_time": 322.73104190826416,
    "epochs": 100,
    "final_train_loss": null
  }
}