{
  "error": 0.03441044281829487,
  "elapsed_time": 1009.3894135951996,
  "timestamp": "2025-04-29T22:47:31.245695",
  "additional_info": {
    "training_time": 1009.3894135951996,
    "epochs": 400,
    "final_train_loss": null
  }
}