{
  "error": 0.017476018772206524,
  "elapsed_time": 70.99997210502625,
  "timestamp": "2025-04-30T10:04:22.889869",
  "additional_info": {
    "training_time": 70.99997210502625,
    "epochs": 100,
    "final_train_loss": null
  }
}