{
  "error": 0.04077710362062568,
  "elapsed_time": 2921.997038602829,
  "timestamp": "2025-04-29T23:06:16.968390",
  "additional_info": {
    "training_time": 2921.997038602829,
    "epochs": 200,
    "final_train_loss": null
  }
}