{
  "error": 0.03785597745861326,
  "elapsed_time": 1300.896291255951,
  "timestamp": "2025-04-29T22:20:53.343693",
  "additional_info": {
    "training_time": 1300.896291255951,
    "epochs": 400,
    "final_train_loss": null
  }
}