{
  "error": 0.016294810300072033,
  "elapsed_time": 35.68969416618347,
  "timestamp": "2025-04-30T10:03:47.577687",
  "additional_info": {
    "training_time": 35.68969416618347,
    "epochs": 50,
    "final_train_loss": null
  }
}