{
  "error": 0.03867885346213976,
  "elapsed_time": 24.931445360183716,
  "timestamp": "2025-04-29T23:34:24.975067",
  "additional_info": {
    "training_time": 24.931445360183716,
    "epochs": 50,
    "final_train_loss": null
  }
}