{
  "error": 0.01664449165885647,
  "elapsed_time": 174.15108561515808,
  "timestamp": "2025-04-24T15:11:27.477327",
  "additional_info": {
    "training_time": 174.15108561515808,
    "epochs": 100,
    "final_train_loss": null
  }
}