{
  "input_size": 3883,
  "output_size": 214,
  "hidden_sizes": [
    2048,
    1024,
    512,
    256
  ],
  "lr": 0.00232555726240368,
  "weight_decay": 0.00016595613641357258,
  "batch_size": 128,
  "max_epochs": 200
}