{
  "error": 0.02305967617957365,
  "elapsed_time": 3779.817258834839,
  "timestamp": "2025-04-20T18:06:54.568776",
  "additional_info": {
    "training_time": 3779.817258834839,
    "epochs": 200,
    "final_train_loss": null
  }
}