{
  "error": 0.06157677620649338,
  "elapsed_time": 152.6129355430603,
  "timestamp": "2025-04-24T13:14:34.635516",
  "additional_info": {
    "training_time": 152.6129355430603,
    "epochs": 200,
    "final_train_loss": null
  }
}