{
  "error": 0.06849322405954202,
  "elapsed_time": 243.69712376594543,
  "timestamp": "2025-04-24T11:47:42.406745",
  "additional_info": {
    "training_time": 243.69712376594543,
    "epochs": 200,
    "final_train_loss": null
  }
}