{
  "error": 0.009595019044354558,
  "elapsed_time": 953.5623395442963,
  "timestamp": "2025-04-30T10:57:18.446416",
  "additional_info": {
    "training_time": 953.5623395442963,
    "epochs": 300,
    "final_train_loss": null
  }
}