{
  "error": 0.047376859933137894,
  "elapsed_time": 157.87547850608826,
  "timestamp": "2025-04-29T15:14:53.650893",
  "additional_info": {
    "training_time": 157.87547850608826,
    "epochs": 100,
    "final_train_loss": null
  }
}