{
  "error": 0.1300050783015433,
  "elapsed_time": 1171.8037576675415,
  "timestamp": "2025-04-29T14:14:56.649809",
  "additional_info": {
    "training_time": 1171.8037576675415,
    "epochs": 500,
    "final_train_loss": null
  }
}