{
  "input_size": 3883,
  "output_size": 214,
  "hidden_sizes": [
    2048,
    1024,
    512,
    256,
    128
  ],
  "lr": 0.010797040230060775,
  "weight_decay": 0.00045841547801363794,
  "batch_size": 16,
  "max_epochs": 600,
  "dropout_rate": 0.42546422438375636,
  "activation": "relu",
  "optimizer": "rmsprop",
  "learning_rate_schedule": "exponential",
  "batch_norm": "false"
}