{
  "error": 0.016268249756346147,
  "elapsed_time": 149.20550322532654,
  "timestamp": "2025-04-30T12:58:44.009783",
  "additional_info": {
    "training_time": 149.20550322532654,
    "epochs": 100,
    "final_train_loss": null
  }
}