{
  "error": 0.04109305507015614,
  "elapsed_time": 825.5125739574432,
  "timestamp": "2025-04-30T13:46:19.664827",
  "additional_info": {
    "training_time": 825.5125739574432,
    "epochs": 200,
    "final_train_loss": null
  }
}