{
  "input_size": 3883,
  "output_size": 214,
  "hidden_sizes": [
    4096,
    2048,
    1024
  ],
  "lr": 0.007864357399126047,
  "weight_decay": 0.0006166667103282229,
  "batch_size": 32,
  "max_epochs": 600,
  "dropout_rate": 0.3355717584120253,
  "activation": "elu",
  "optimizer": "adamw",
  "learning_rate_schedule": "cosine",
  "batch_norm": "true"
}