{
  "error": 0.049459607739533694,
  "elapsed_time": 442.05896520614624,
  "timestamp": "2025-04-29T19:53:18.327279",
  "additional_info": {
    "training_time": 442.05896520614624,
    "epochs": 100,
    "final_train_loss": null
  }
}