{
  "error": 0.009160235524177551,
  "elapsed_time": 183.92834448814392,
  "timestamp": "2025-04-24T15:33:39.340870",
  "additional_info": {
    "training_time": 183.92834448814392,
    "epochs": 50,
    "final_train_loss": null
  }
}