{
  "input_size": 3883,
  "output_size": 214,
  "hidden_sizes": [
    2048,
    1024,
    512,
    256
  ],
  "lr": 0.0049979701284777875,
  "weight_decay": 1.3514852657379037e-06,
  "batch_size": 128,
  "max_epochs": 200,
  "dropout_rate": 0.23497225699547147,
  "activation": "leaky_relu",
  "optimizer": "adam",
  "learning_rate_schedule": "step",
  "batch_norm": "true"
}