{
  "input_size": 3883,
  "output_size": 214,
  "hidden_sizes": [
    512,
    256,
    128
  ],
  "lr": 0.0015197980620034217,
  "weight_decay": 0.00022653156413948846,
  "batch_size": 128,
  "max_epochs": 100
}