{
  "error": 0.017259370112283665,
  "elapsed_time": 3329.461616039276,
  "timestamp": "2025-04-30T00:10:44.433075",
  "additional_info": {
    "training_time": 3329.461616039276,
    "epochs": 600,
    "final_train_loss": null
  }
}