{
  "error": 0.21006334466593607,
  "elapsed_time": 1134.7518553733826,
  "timestamp": "2025-04-30T13:18:22.140680",
  "additional_info": {
    "training_time": 1134.7518553733826,
    "epochs": 200,
    "final_train_loss": null
  }
}