{
  "input_size": 3883,
  "output_size": 214,
  "hidden_sizes": [
    2048,
    1024,
    512,
    256
  ],
  "lr": 0.00010235832435175117,
  "weight_decay": 2.0970853331431125e-05,
  "batch_size": 64,
  "max_epochs": 100
}