{
  "error": 0.017044561604658764,
  "elapsed_time": 132.186265707016,
  "timestamp": "2025-04-29T20:42:48.920098",
  "additional_info": {
    "training_time": 132.186265707016,
    "epochs": 100,
    "final_train_loss": null
  }
}