{
  "error": 0.040442886677655304,
  "elapsed_time": 598.4669909477234,
  "timestamp": "2025-04-30T11:20:23.224584",
  "additional_info": {
    "training_time": 598.4669909477234,
    "epochs": 150,
    "final_train_loss": null
  }
}