{
  "error": 0.040116611698811706,
  "elapsed_time": 510.1534812450409,
  "timestamp": "2025-04-24T15:00:46.521317",
  "additional_info": {
    "training_time": 510.1534812450409,
    "epochs": 100,
    "final_train_loss": null
  }
}