{
  "input_size": 3883,
  "output_size": 214,
  "hidden_sizes": [
    1024,
    1024,
    1024
  ],
  "lr": 0.0004013248523241429,
  "weight_decay": 1.2457016636528752e-06,
  "batch_size": 16,
  "max_epochs": 300,
  "dropout_rate": 0.23038938401636289,
  "activation": "leaky_relu",
  "optimizer": "adamw",
  "learning_rate_schedule": "step",
  "batch_norm": "true"
}