{
  "error": 0.0444799650992666,
  "elapsed_time": 1256.5300035476685,
  "timestamp": "2025-04-30T11:46:03.023035",
  "additional_info": {
    "training_time": 1256.5300035476685,
    "epochs": 300,
    "final_train_loss": null
  }
}