{
  "error": 0.041995166800916195,
  "elapsed_time": 2426.9187593460083,
  "timestamp": "2025-04-20T14:16:18.191680",
  "additional_info": {
    "training_time": 2426.9187593460083,
    "epochs": 100,
    "final_train_loss": null
  }
}