{
  "input_size": 3883,
  "output_size": 214,
  "hidden_sizes": [
    4096,
    2048,
    1024,
    512
  ],
  "lr": 0.0035997701602876993,
  "weight_decay": 0.000500037224447186,
  "batch_size": 256,
  "max_epochs": 400,
  "dropout_rate": 0.2698905309573165,
  "activation": "elu",
  "optimizer": "sgd_momentum",
  "learning_rate_schedule": "none",
  "batch_norm": "true"
}