{
  "input_size": 3883,
  "output_size": 214,
  "hidden_sizes": [
    1024,
    512,
    256
  ],
  "lr": 0.0003646439558980723,
  "weight_decay": 0.00012172847081122418,
  "batch_size": 32,
  "max_epochs": 50
}