{
  "error": 0.07361548801972753,
  "elapsed_time": 925.874372959137,
  "timestamp": "2025-04-24T13:27:27.896500",
  "additional_info": {
    "training_time": 925.874372959137,
    "epochs": 200,
    "final_train_loss": null
  }
}