{
  "error": 0.032772094898280646,
  "elapsed_time": 3490.861122608185,
  "timestamp": "2025-04-20T17:08:25.062664",
  "additional_info": {
    "training_time": 3490.861122608185,
    "epochs": 50,
    "final_train_loss": null
  }
}