{
  "error": 0.05721167474985123,
  "elapsed_time": 961.6207227706909,
  "timestamp": "2025-04-24T11:59:40.320898",
  "additional_info": {
    "training_time": 961.6207227706909,
    "epochs": 200,
    "final_train_loss": null
  }
}