{
  "error": 0.03298578157343648,
  "elapsed_time": 854.3795096874237,
  "timestamp": "2025-04-29T23:02:24.936178",
  "additional_info": {
    "training_time": 854.3795096874237,
    "epochs": 400,
    "final_train_loss": null
  }
}