{
  "input_size": 3883,
  "output_size": 214,
  "hidden_sizes": [
    2048,
    1024,
    512,
    256
  ],
  "lr": 0.0013807731717915708,
  "weight_decay": 1.5644186602631917e-05,
  "batch_size": 128,
  "max_epochs": 100
}