{
  "input_size": 3883,
  "output_size": 214,
  "hidden_sizes": [
    2048,
    1024,
    512
  ],
  "lr": 6.031432926905257e-05,
  "weight_decay": 0.00015624646517788882,
  "batch_size": 256,
  "max_epochs": 150,
  "dropout_rate": 0.48226023613510427,
  "activation": "prelu",
  "optimizer": "adam",
  "learning_rate_schedule": "none",
  "batch_norm": "true"
}