{
  "error": 0.022039332737525303,
  "elapsed_time": 59.56437063217163,
  "timestamp": "2025-04-30T10:04:25.941068",
  "additional_info": {
    "training_time": 59.56437063217163,
    "epochs": 50,
    "final_train_loss": null
  }
}