{
  "error": 0.009472917454938093,
  "elapsed_time": 147.6476399898529,
  "timestamp": "2025-04-29T23:37:30.839636",
  "additional_info": {
    "training_time": 147.6476399898529,
    "epochs": 150,
    "final_train_loss": null
  }
}