{
  "error": 0.05731838941574097,
  "elapsed_time": 72.48305225372314,
  "timestamp": "2025-04-29T21:22:49.701350",
  "additional_info": {
    "training_time": 72.48305225372314,
    "epochs": 100,
    "final_train_loss": null
  }
}