{
  "error": 0.07126647420227528,
  "elapsed_time": 209.23442101478577,
  "timestamp": "2025-04-29T21:35:35.785499",
  "additional_info": {
    "training_time": 209.23442101478577,
    "epochs": 50,
    "final_train_loss": null
  }
}