{
  "error": 0.04559542114535967,
  "elapsed_time": 501.2589042186737,
  "timestamp": "2025-04-24T15:18:02.948051",
  "additional_info": {
    "training_time": 501.2589042186737,
    "epochs": 200,
    "final_train_loss": null
  }
}