{
  "error": 0.08736687153577805,
  "elapsed_time": 2000.6906049251556,
  "timestamp": "2025-04-24T15:50:18.594264",
  "additional_info": {
    "training_time": 2000.6906049251556,
    "epochs": 300,
    "final_train_loss": null
  }
}