{
  "error": 0.08077404789981388,
  "elapsed_time": 474.99617171287537,
  "timestamp": "2025-04-24T15:04:46.288770",
  "additional_info": {
    "training_time": 474.99617171287537,
    "epochs": 100,
    "final_train_loss": null
  }
}