{
  "error": 0.14442032220817747,
  "elapsed_time": 235.97721362113953,
  "timestamp": "2025-04-29T23:19:09.839391",
  "additional_info": {
    "training_time": 235.97721362113953,
    "epochs": 50,
    "final_train_loss": null
  }
}