{
  "error": 0.009656739343578616,
  "elapsed_time": 193.13405680656433,
  "timestamp": "2025-04-30T11:49:37.079955",
  "additional_info": {
    "training_time": 193.13405680656433,
    "epochs": 200,
    "final_train_loss": null
  }
}