{
  "input_size": 3883,
  "output_size": 214,
  "hidden_sizes": [
    768,
    512,
    256
  ],
  "lr": 0.008003635217199039,
  "weight_decay": 1.1606882056887422e-05,
  "batch_size": 128,
  "max_epochs": 400,
  "dropout_rate": 0.33838495221215165,
  "activation": "sigmoid",
  "optimizer": "sgd_momentum",
  "learning_rate_schedule": "step",
  "batch_norm": "true"
}