{
  "error": 0.029896348376165737,
  "elapsed_time": 5427.237565755844,
  "timestamp": "2025-04-20T15:47:11.061580",
  "additional_info": {
    "training_time": 5427.237565755844,
    "epochs": 200,
    "final_train_loss": null
  }
}