{
  "input_size": 3883,
  "output_size": 214,
  "hidden_sizes": [
    2048,
    1024,
    512,
    256,
    128
  ],
  "lr": 0.00111916552875045,
  "weight_decay": 0.00012854549964879015,
  "batch_size": 16,
  "max_epochs": 400,
  "dropout_rate": 0.48589104136048034,
  "activation": "sigmoid",
  "optimizer": "rmsprop",
  "learning_rate_schedule": "step",
  "batch_norm": "true"
}