{
  "input_size": 3883,
  "output_size": 214,
  "hidden_sizes": [
    2048,
    1024,
    1024,
    512
  ],
  "lr": 0.019922680156659676,
  "weight_decay": 4.6496444486579674e-05,
  "batch_size": 32,
  "max_epochs": 500,
  "dropout_rate": 0.01697298929289942,
  "activation": "tanh",
  "optimizer": "sgd_momentum",
  "learning_rate_schedule": "none",
  "batch_norm": "true"
}