{
  "input_size": 3883,
  "output_size": 214,
  "hidden_sizes": [
    4096,
    2048,
    1024,
    512
  ],
  "lr": 0.0005422682048701513,
  "weight_decay": 0.00080986251871159,
  "batch_size": 128,
  "max_epochs": 500,
  "dropout_rate": 0.40853603547463996,
  "activation": "relu",
  "optimizer": "adamw",
  "learning_rate_schedule": "exponential",
  "batch_norm": "false"
}