{
  "error": 0.028242989753683407,
  "elapsed_time": 8544.534182071686,
  "timestamp": "2025-04-29T23:50:49.791505",
  "additional_info": {
    "training_time": 8544.534182071686,
    "epochs": 500,
    "final_train_loss": null
  }
}