{
  "error": 0.19754671979518162,
  "elapsed_time": 2291.7181186676025,
  "timestamp": "2025-04-29T21:09:15.346693",
  "additional_info": {
    "training_time": 2291.7181186676025,
    "epochs": 200,
    "final_train_loss": null
  }
}