{
  "error": 0.0825460400609743,
  "elapsed_time": 63.54847455024719,
  "timestamp": "2025-04-29T20:22:20.507866",
  "additional_info": {
    "training_time": 63.54847455024719,
    "epochs": 50,
    "final_train_loss": null
  }
}