{
  "error": 0.0978638714268094,
  "elapsed_time": 1222.0556437969208,
  "timestamp": "2025-04-29T22:59:45.413600",
  "additional_info": {
    "training_time": 1222.0556437969208,
    "epochs": 100,
    "final_train_loss": null
  }
}