{
  "error": 0.05395311653791439,
  "elapsed_time": 4400.737194061279,
  "timestamp": "2025-04-29T20:48:33.606588",
  "additional_info": {
    "training_time": 4400.737194061279,
    "epochs": 600,
    "final_train_loss": null
  }
}