{
  "error": 0.07625515386462212,
  "elapsed_time": 79.7128963470459,
  "timestamp": "2025-04-29T14:50:37.186193",
  "additional_info": {
    "training_time": 79.7128963470459,
    "epochs": 50,
    "final_train_loss": null
  }
}