{
  "error": 0.08549912883476778,
  "elapsed_time": 190.50847792625427,
  "timestamp": "2025-04-29T19:38:08.801073",
  "additional_info": {
    "training_time": 190.50847792625427,
    "epochs": 50,
    "final_train_loss": null
  }
}