{
  "error": 0.12167288859685262,
  "elapsed_time": 3461.8175246715546,
  "timestamp": "2025-04-30T11:50:51.658589",
  "additional_info": {
    "training_time": 3461.8175246715546,
    "epochs": 600,
    "final_train_loss": null
  }
}