{
  "input_size": 3883,
  "output_size": 214,
  "hidden_sizes": [
    1024,
    512,
    256
  ],
  "lr": 0.013918826203273988,
  "weight_decay": 0.00048359527764659497,
  "batch_size": 128,
  "max_epochs": 50,
  "dropout_rate": 0.48058601217467456,
  "activation": "relu",
  "optimizer": "rmsprop",
  "learning_rate_schedule": "none",
  "batch_norm": "false"
}