{
  "error": 0.09276517232259114,
  "elapsed_time": 44.78539490699768,
  "timestamp": "2025-04-24T14:45:47.306538",
  "additional_info": {
    "training_time": 44.78539490699768,
    "epochs": 50,
    "final_train_loss": null
  }
}