{
  "input_size": 3883,
  "output_size": 214,
  "hidden_sizes": [
    2048,
    1024,
    512,
    256
  ],
  "lr": 0.002409214543666477,
  "weight_decay": 5.9356829120146846e-05,
  "batch_size": 64,
  "max_epochs": 50
}