{
  "input_size": 3883,
  "output_size": 214,
  "hidden_sizes": [
    768,
    512,
    256
  ],
  "lr": 0.008077179299100422,
  "weight_decay": 2.5695909517346827e-06,
  "batch_size": 256,
  "max_epochs": 100,
  "dropout_rate": 0.4046805777392568,
  "activation": "elu",
  "optimizer": "adamw",
  "learning_rate_schedule": "none",
  "batch_norm": "false"
}