{
  "error": 0.016220451643069584,
  "elapsed_time": 50.78809213638306,
  "timestamp": "2025-04-24T14:58:20.210280",
  "additional_info": {
    "training_time": 50.78809213638306,
    "epochs": 100,
    "final_train_loss": null
  }
}