{
  "input_size": 3883,
  "output_size": 214,
  "hidden_sizes": [
    2048,
    1024,
    512
  ],
  "lr": 0.008457460033731481,
  "weight_decay": 0.0005081815703555781,
  "batch_size": 128,
  "max_epochs": 50
}