{
  "input_size": 3883,
  "output_size": 214,
  "hidden_sizes": [
    3072,
    1536,
    768,
    384
  ],
  "lr": 0.00011149650328964437,
  "weight_decay": 1.0990460620183685e-06,
  "batch_size": 128,
  "max_epochs": 50,
  "dropout_rate": 0.26717313751473154,
  "activation": "relu",
  "optimizer": "adamw",
  "learning_rate_schedule": "cosine",
  "batch_norm": "true"
}