{
  "error": 0.015222154868145784,
  "elapsed_time": 116.23280429840088,
  "timestamp": "2025-04-29T15:03:49.643359",
  "additional_info": {
    "training_time": 116.23280429840088,
    "epochs": 50,
    "final_train_loss": null
  }
}