{
  "error": 0.026030422781001438,
  "elapsed_time": 361.7800455093384,
  "timestamp": "2025-04-24T14:56:40.123621",
  "additional_info": {
    "training_time": 361.7800455093384,
    "epochs": 50,
    "final_train_loss": null
  }
}