{
  "error": 0.021018647278348606,
  "elapsed_time": 81.74817681312561,
  "timestamp": "2025-04-29T23:21:23.283902",
  "additional_info": {
    "training_time": 81.74817681312561,
    "epochs": 50,
    "final_train_loss": null
  }
}