{
  "input_size": 3883,
  "output_size": 214,
  "hidden_sizes": [
    2048,
    1024,
    1024,
    512
  ],
  "lr": 0.0034534662678445925,
  "weight_decay": 0.00015382308040278996,
  "batch_size": 16,
  "max_epochs": 150,
  "dropout_rate": 0.03702232586704518,
  "activation": "elu",
  "optimizer": "adamw",
  "learning_rate_schedule": "none",
  "batch_norm": "false"
}