{
  "error": 0.12334514036774635,
  "elapsed_time": 1488.5989603996277,
  "timestamp": "2025-04-24T15:09:50.840470",
  "additional_info": {
    "training_time": 1488.5989603996277,
    "epochs": 150,
    "final_train_loss": null
  }
}