{
  "error": 0.07700398422422863,
  "elapsed_time": 1658.3642210960388,
  "timestamp": "2025-04-29T15:42:25.867787",
  "additional_info": {
    "training_time": 1658.3642210960388,
    "epochs": 100,
    "final_train_loss": null
  }
}