{
  "input_size": 3883,
  "output_size": 214,
  "hidden_sizes": [
    512,
    256,
    128
  ],
  "lr": 0.006586289317583112,
  "weight_decay": 3.292759134423613e-05,
  "batch_size": 64,
  "max_epochs": 100
}