{
  "error": 0.04441779820869366,
  "elapsed_time": 523.3496880531311,
  "timestamp": "2025-04-20T17:15:33.883108",
  "additional_info": {
    "training_time": 523.3496880531311,
    "epochs": 50,
    "final_train_loss": null
  }
}