{
  "error": 6.237474984066053,
  "elapsed_time": 174.31569576263428,
  "timestamp": "2025-04-24T11:46:33.015918",
  "additional_info": {
    "training_time": 174.31569576263428,
    "epochs": 100,
    "final_train_loss": null
  }
}