{
  "error": 0.11605783213268626,
  "elapsed_time": 81.33329319953918,
  "timestamp": "2025-04-24T13:13:23.356121",
  "additional_info": {
    "training_time": 81.33329319953918,
    "epochs": 100,
    "final_train_loss": null
  }
}