{
  "error": 0.018884294976790745,
  "elapsed_time": 54.774876832962036,
  "timestamp": "2025-04-24T15:03:21.731188",
  "additional_info": {
    "training_time": 54.774876832962036,
    "epochs": 100,
    "final_train_loss": null
  }
}