{
  "error": 0.038951932029290634,
  "elapsed_time": 125.88134360313416,
  "timestamp": "2025-04-24T15:11:16.708693",
  "additional_info": {
    "training_time": 125.88134360313416,
    "epochs": 50,
    "final_train_loss": null
  }
}