{
  "error": 0.09049881373842557,
  "elapsed_time": 1786.4141221046448,
  "timestamp": "2025-04-30T12:18:17.206975",
  "additional_info": {
    "training_time": 1786.4141221046448,
    "epochs": 400,
    "final_train_loss": null
  }
}