{
  "error": 0.03170661690334479,
  "elapsed_time": 1816.524741411209,
  "timestamp": "2025-04-29T15:46:08.456295",
  "additional_info": {
    "training_time": 1816.524741411209,
    "epochs": 200,
    "final_train_loss": null
  }
}