{
  "error": 0.016544020113845665,
  "elapsed_time": 137.0843198299408,
  "timestamp": "2025-04-29T15:06:17.633262",
  "additional_info": {
    "training_time": 137.0843198299408,
    "epochs": 400,
    "final_train_loss": null
  }
}