{
  "error": 0.04237890576145479,
  "elapsed_time": 132.92320227622986,
  "timestamp": "2025-04-29T20:01:11.597691",
  "additional_info": {
    "training_time": 132.92320227622986,
    "epochs": 50,
    "final_train_loss": null
  }
}