{
  "error": 0.02372911216860468,
  "elapsed_time": 116.14508700370789,
  "timestamp": "2025-04-29T19:55:28.408576",
  "additional_info": {
    "training_time": 116.14508700370789,
    "epochs": 50,
    "final_train_loss": null
  }
}