{
  "error": 0.028046528941818645,
  "elapsed_time": 518.3216342926025,
  "timestamp": "2025-04-30T11:22:43.398859",
  "additional_info": {
    "training_time": 518.3216342926025,
    "epochs": 100,
    "final_train_loss": null
  }
}