{
  "error": 0.07790672087243625,
  "elapsed_time": 891.390618801117,
  "timestamp": "2025-04-29T15:18:09.366446",
  "additional_info": {
    "training_time": 891.390618801117,
    "epochs": 100,
    "final_train_loss": null
  }
}