{
  "input_size": 3883,
  "output_size": 214,
  "hidden_sizes": [
    1024,
    1024,
    512,
    256
  ],
  "lr": 0.006580605514703235,
  "weight_decay": 7.007519651093015e-06,
  "batch_size": 128,
  "max_epochs": 100,
  "dropout_rate": 0.3483685826820753,
  "activation": "tanh",
  "optimizer": "sgd_momentum",
  "learning_rate_schedule": "none",
  "batch_norm": "false"
}