{
  "error": 0.028892040873567264,
  "elapsed_time": 86.23145127296448,
  "timestamp": "2025-04-30T10:47:17.446393",
  "additional_info": {
    "training_time": 86.23145127296448,
    "epochs": 100,
    "final_train_loss": null
  }
}