{
  "error": 0.08551596850156784,
  "elapsed_time": 650.6172978878021,
  "timestamp": "2025-04-29T20:12:33.494773",
  "additional_info": {
    "training_time": 650.6172978878021,
    "epochs": 150,
    "final_train_loss": null
  }
}