{
  "error": 0.055655501782894135,
  "elapsed_time": 58.17962074279785,
  "timestamp": "2025-04-30T10:37:01.284314",
  "additional_info": {
    "training_time": 58.17962074279785,
    "epochs": 100,
    "final_train_loss": null
  }
}