{
  "input_size": 3883,
  "output_size": 214,
  "hidden_sizes": [
    1024,
    512,
    256
  ],
  "lr": 0.00044300218067679835,
  "weight_decay": 0.00010903884523201111,
  "batch_size": 32,
  "max_epochs": 50
}