{
  "error": 0.02080138462285201,
  "elapsed_time": 86.19900870323181,
  "timestamp": "2025-04-29T19:36:39.069192",
  "additional_info": {
    "training_time": 86.19900870323181,
    "epochs": 100,
    "final_train_loss": null
  }
}