{
  "error": 0.04462424541513125,
  "elapsed_time": 1167.268521308899,
  "timestamp": "2025-04-29T14:58:18.949118",
  "additional_info": {
    "training_time": 1167.268521308899,
    "epochs": 500,
    "final_train_loss": null
  }
}