{
  "error": 0.014785894192755222,
  "elapsed_time": 47.35236716270447,
  "timestamp": "2025-04-30T10:04:15.753969",
  "additional_info": {
    "training_time": 47.35236716270447,
    "epochs": 100,
    "final_train_loss": null
  }
}