{
  "error": 0.09764859960837798,
  "elapsed_time": 329.6542134284973,
  "timestamp": "2025-04-29T23:23:28.493554",
  "additional_info": {
    "training_time": 329.6542134284973,
    "epochs": 50,
    "final_train_loss": null
  }
}