{
  "input_size": 3883,
  "output_size": 214,
  "hidden_sizes": [
    1024,
    512,
    256
  ],
  "lr": 0.0009174156064507193,
  "weight_decay": 2.2144833991983438e-05,
  "batch_size": 256,
  "max_epochs": 50,
  "dropout_rate": 0.08796262633867269,
  "activation": "sigmoid",
  "optimizer": "adam",
  "learning_rate_schedule": "step",
  "batch_norm": "true"
}