{
  "error": 0.013579275769491991,
  "elapsed_time": 215.63514351844788,
  "timestamp": "2025-04-29T19:54:01.908423",
  "additional_info": {
    "training_time": 215.63514351844788,
    "epochs": 50,
    "final_train_loss": null
  }
}