{
  "input_size": 3883,
  "output_size": 214,
  "hidden_sizes": [
    1024,
    512,
    256
  ],
  "lr": 0.0001238513729886094,
  "weight_decay": 0.000164092867306479,
  "batch_size": 32,
  "max_epochs": 50
}