{
  "error": 0.028872279538994745,
  "elapsed_time": 115.49413347244263,
  "timestamp": "2025-04-24T13:13:57.519104",
  "additional_info": {
    "training_time": 115.49413347244263,
    "epochs": 50,
    "final_train_loss": null
  }
}