{
  "error": 0.026463891379535198,
  "elapsed_time": 629.3769872188568,
  "timestamp": "2025-04-20T16:50:09.092035",
  "additional_info": {
    "training_time": 629.3769872188568,
    "epochs": 50,
    "final_train_loss": null
  }
}