{
  "error": 0.030719040405182613,
  "elapsed_time": 132.8121464252472,
  "timestamp": "2025-04-24T11:45:51.521921",
  "additional_info": {
    "training_time": 132.8121464252472,
    "epochs": 50,
    "final_train_loss": null
  }
}