{
  "error": 0.018072846430269154,
  "elapsed_time": 604.5304822921753,
  "timestamp": "2025-04-30T12:01:18.619860",
  "additional_info": {
    "training_time": 604.5304822921753,
    "epochs": 600,
    "final_train_loss": null
  }
}