{
  "error": 0.023063879968090492,
  "elapsed_time": 717.9920630455017,
  "timestamp": "2025-04-29T22:26:23.215094",
  "additional_info": {
    "training_time": 717.9920630455017,
    "epochs": 500,
    "final_train_loss": null
  }
}