{
  "error": 0.040015957451292446,
  "elapsed_time": 731.7798528671265,
  "timestamp": "2025-04-30T13:01:35.957851",
  "additional_info": {
    "training_time": 731.7798528671265,
    "epochs": 500,
    "final_train_loss": null
  }
}