{
  "error": 0.019932419682542484,
  "elapsed_time": 20.06829261779785,
  "timestamp": "2025-04-24T15:15:43.539511",
  "additional_info": {
    "training_time": 20.06829261779785,
    "epochs": 50,
    "final_train_loss": null
  }
}