{
  "error": 0.02380736234287421,
  "elapsed_time": 143.00193071365356,
  "timestamp": "2025-04-29T23:10:20.176367",
  "additional_info": {
    "training_time": 143.00193071365356,
    "epochs": 300,
    "final_train_loss": null
  }
}