{
  "error": 0.09219876144613538,
  "elapsed_time": 74.26015090942383,
  "timestamp": "2025-04-30T13:19:47.056176",
  "additional_info": {
    "training_time": 74.26015090942383,
    "epochs": 50,
    "final_train_loss": null
  }
}