{
  "error": 0.04474313861944459,
  "elapsed_time": 739.9403765201569,
  "timestamp": "2025-04-30T10:19:47.308740",
  "additional_info": {
    "training_time": 739.9403765201569,
    "epochs": 150,
    "final_train_loss": null
  }
}