{
  "error": 0.010650456339741746,
  "elapsed_time": 64.46348214149475,
  "timestamp": "2025-04-30T10:08:31.082737",
  "additional_info": {
    "training_time": 64.46348214149475,
    "epochs": 100,
    "final_train_loss": null
  }
}