{
  "error": 0.01329220226034522,
  "elapsed_time": 285.6436619758606,
  "timestamp": "2025-04-30T10:12:12.259690",
  "additional_info": {
    "training_time": 285.6436619758606,
    "epochs": 600,
    "final_train_loss": null
  }
}