{
  "error": 0.010993679674963156,
  "elapsed_time": 134.4695258140564,
  "timestamp": "2025-04-29T22:14:01.962628",
  "additional_info": {
    "training_time": 134.4695258140564,
    "epochs": 200,
    "final_train_loss": null
  }
}