{
  "input_size": 3883,
  "output_size": 214,
  "hidden_sizes": [
    2048,
    1024,
    512
  ],
  "lr": 0.0002101079931010357,
  "weight_decay": 0.0007234279845665417,
  "batch_size": 32,
  "max_epochs": 100
}