{
  "error": 0.09026217212279637,
  "elapsed_time": 27.446953535079956,
  "timestamp": "2025-04-29T15:15:36.212666",
  "additional_info": {
    "training_time": 27.446953535079956,
    "epochs": 50,
    "final_train_loss": null
  }
}