{
  "error": 0.02402443252503872,
  "elapsed_time": 30.36345386505127,
  "timestamp": "2025-04-29T14:40:39.391501",
  "additional_info": {
    "training_time": 30.36345386505127,
    "epochs": 50,
    "final_train_loss": null
  }
}