{
  "error": 0.008269608641664187,
  "elapsed_time": 216.81960916519165,
  "timestamp": "2025-04-30T13:50:11.351632",
  "additional_info": {
    "training_time": 216.81960916519165,
    "epochs": 400,
    "final_train_loss": null
  }
}