{
  "input_size": 3883,
  "output_size": 214,
  "hidden_sizes": [
    2048,
    1024,
    512,
    256
  ],
  "lr": 0.009211634266628615,
  "weight_decay": 0.00010796221410275554,
  "batch_size": 32,
  "max_epochs": 100
}