{
  "error": 0.043112573524316154,
  "elapsed_time": 345.7007508277893,
  "timestamp": "2025-04-30T10:54:13.092374",
  "additional_info": {
    "training_time": 345.7007508277893,
    "epochs": 150,
    "final_train_loss": null
  }
}