{
  "input_size": 3883,
  "output_size": 214,
  "hidden_sizes": [
    2048,
    1024,
    512,
    256,
    128
  ],
  "lr": 0.0022286804690019326,
  "weight_decay": 0.000529173870374136,
  "batch_size": 16,
  "max_epochs": 300,
  "dropout_rate": 0.29415333789752834,
  "activation": "leaky_relu",
  "optimizer": "rmsprop",
  "learning_rate_schedule": "exponential",
  "batch_norm": "true"
}