{
  "error": 0.04140960176785787,
  "elapsed_time": 70.99498152732849,
  "timestamp": "2025-04-30T11:13:08.732313",
  "additional_info": {
    "training_time": 70.99498152732849,
    "epochs": 50,
    "final_train_loss": null
  }
}