{
  "input_size": 3883,
  "output_size": 214,
  "hidden_sizes": [
    512,
    256,
    128
  ],
  "lr": 0.0004153495073963453,
  "weight_decay": 5.63596562454906e-05,
  "batch_size": 128,
  "max_epochs": 300,
  "dropout_rate": 0.48719740383308324,
  "activation": "selu",
  "optimizer": "sgd_momentum",
  "learning_rate_schedule": "step",
  "batch_norm": "true"
}