{
  "error": 0.01927287954216202,
  "elapsed_time": 155.7227120399475,
  "timestamp": "2025-04-29T21:01:14.491711",
  "additional_info": {
    "training_time": 155.7227120399475,
    "epochs": 300,
    "final_train_loss": null
  }
}