{
  "error": 0.03155663321641358,
  "elapsed_time": 2228.864771604538,
  "timestamp": "2025-04-30T00:13:17.708556",
  "additional_info": {
    "training_time": 2228.864771604538,
    "epochs": 600,
    "final_train_loss": null
  }
}