{
  "input_size": 3883,
  "output_size": 214,
  "hidden_sizes": [
    1024,
    1024,
    512,
    256
  ],
  "lr": 0.007530090845009937,
  "weight_decay": 0.0003986631701572257,
  "batch_size": 256,
  "max_epochs": 100,
  "dropout_rate": 0.19832580097712593,
  "activation": "elu",
  "optimizer": "adamw",
  "learning_rate_schedule": "step",
  "batch_norm": "true"
}