{
  "error": 0.0915466124812762,
  "elapsed_time": 72.33683276176453,
  "timestamp": "2025-04-24T15:15:02.456536",
  "additional_info": {
    "training_time": 72.33683276176453,
    "epochs": 100,
    "final_train_loss": null
  }
}