{
  "input_size": 3883,
  "output_size": 214,
  "hidden_sizes": [
    1024,
    512,
    256
  ],
  "lr": 0.00015177941306507495,
  "weight_decay": 0.00017249321573179011,
  "batch_size": 128,
  "max_epochs": 50
}