{
  "error": 0.026467392221093178,
  "elapsed_time": 49.95121169090271,
  "timestamp": "2025-04-24T11:44:28.652482",
  "additional_info": {
    "training_time": 49.95121169090271,
    "epochs": 50,
    "final_train_loss": null
  }
}