{
  "error": 0.027806502766907215,
  "elapsed_time": 107.63117694854736,
  "timestamp": "2025-04-24T13:13:49.654679",
  "additional_info": {
    "training_time": 107.63117694854736,
    "epochs": 50,
    "final_train_loss": null
  }
}