{
  "error": 0.06901605427265167,
  "elapsed_time": 3899.9760076999664,
  "timestamp": "2025-04-20T17:35:19.368641",
  "additional_info": {
    "training_time": 3899.9760076999664,
    "epochs": 200,
    "final_train_loss": null
  }
}