{
  "input_size": 3883,
  "output_size": 214,
  "hidden_sizes": [
    1024,
    256
  ],
  "lr": 0.0002003519942443551,
  "weight_decay": 0.0006732793932247676,
  "batch_size": 256,
  "max_epochs": 150,
  "dropout_rate": 0.2563442555082543,
  "activation": "leaky_relu",
  "optimizer": "sgd_momentum",
  "learning_rate_schedule": "step",
  "batch_norm": "true"
}