{
  "error": 0.012923294678330421,
  "elapsed_time": 75.6173996925354,
  "timestamp": "2025-04-29T23:14:54.286717",
  "additional_info": {
    "training_time": 75.6173996925354,
    "epochs": 150,
    "final_train_loss": null
  }
}