{
  "error": 0.01894359290599823,
  "elapsed_time": 173.86750555038452,
  "timestamp": "2025-04-29T14:44:33.545827",
  "additional_info": {
    "training_time": 173.86750555038452,
    "epochs": 100,
    "final_train_loss": null
  }
}