{
  "error": 0.06741888111545927,
  "elapsed_time": 71.93825483322144,
  "timestamp": "2025-04-29T20:33:18.339220",
  "additional_info": {
    "training_time": 71.93825483322144,
    "epochs": 50,
    "final_train_loss": null
  }
}