{
  "input_size": 3883,
  "output_size": 214,
  "hidden_sizes": [
    1024,
    512,
    256
  ],
  "lr": 0.0009874088417386245,
  "weight_decay": 3.997206819121805e-05,
  "batch_size": 32,
  "max_epochs": 50
}