{
  "error": 0.13514067250348272,
  "elapsed_time": 2259.1706681251526,
  "timestamp": "2025-04-30T11:23:30.493879",
  "additional_info": {
    "training_time": 2259.1706681251526,
    "epochs": 200,
    "final_train_loss": null
  }
}