{
  "error": 0.07515076784925027,
  "elapsed_time": 473.1809341907501,
  "timestamp": "2025-04-29T14:59:13.577372",
  "additional_info": {
    "training_time": 473.1809341907501,
    "epochs": 200,
    "final_train_loss": null
  }
}