{
    "input_size": 3883,
    "output_size": 214,
    "hidden_sizes": [
        2048,
        1024,
        512
    ],
    "lr": 0.0005899741796710494,
    "weight_decay": 1.0762979285747974e-05,
    "batch_size": 64,
    "max_epochs": 200
}