{
  "best_config": {
    "input_size": 3883,
    "output_size": 214,
    "hidden_sizes": [
      2048,
      1024,
      512
    ],
    "lr": 0.00013400367243354819,
    "weight_decay": 4.187594718900626e-05,
    "batch_size": 32,
    "max_epochs": 200
  },
  "best_error": 0.02305967617957365,
  "best_trial": 27,
  "timestamp": "2025-04-20T18:06:58.692222"
}