{
  "input_size": 3883,
  "output_size": 214,
  "hidden_sizes": [
    1024,
    512,
    256
  ],
  "lr": 0.00013492834268013249,
  "weight_decay": 0.000790261954970823,
  "batch_size": 64,
  "max_epochs": 100
}