{
  "error": 0.018527579155157913,
  "elapsed_time": 1407.209816455841,
  "timestamp": "2025-04-29T20:37:39.219830",
  "additional_info": {
    "training_time": 1407.209816455841,
    "epochs": 300,
    "final_train_loss": null
  }
}