{
  "error": 0.039544514126398346,
  "elapsed_time": 200.3927516937256,
  "timestamp": "2025-04-30T11:22:39.525160",
  "additional_info": {
    "training_time": 200.3927516937256,
    "epochs": 150,
    "final_train_loss": null
  }
}