{
  "error": 0.01912513222884048,
  "elapsed_time": 42.292216539382935,
  "timestamp": "2025-04-30T10:25:56.139842",
  "additional_info": {
    "training_time": 42.292216539382935,
    "epochs": 50,
    "final_train_loss": null
  }
}