{
  "error": 0.015003710053861141,
  "elapsed_time": 235.47223734855652,
  "timestamp": "2025-04-29T23:10:41.613209",
  "additional_info": {
    "training_time": 235.47223734855652,
    "epochs": 100,
    "final_train_loss": null
  }
}