{
  "error": 0.07524056777003266,
  "elapsed_time": 694.955894947052,
  "timestamp": "2025-04-24T15:30:06.844123",
  "additional_info": {
    "training_time": 694.955894947052,
    "epochs": 50,
    "final_train_loss": null
  }
}