{
  "error": 0.08447777604063351,
  "elapsed_time": 1827.4734854698181,
  "timestamp": "2025-04-29T22:12:37.492867",
  "additional_info": {
    "training_time": 1827.4734854698181,
    "epochs": 400,
    "final_train_loss": null
  }
}