{
  "input_size": 3883,
  "output_size": 214,
  "hidden_sizes": [
    512,
    256,
    128
  ],
  "lr": 0.005307144314130211,
  "weight_decay": 2.6877195892465547e-06,
  "batch_size": 128,
  "max_epochs": 400,
  "dropout_rate": 0.3570320411118071,
  "activation": "tanh",
  "optimizer": "sgd_momentum",
  "learning_rate_schedule": "step",
  "batch_norm": "true"
}