{
  "error": 0.01914023963565176,
  "elapsed_time": 58.12927293777466,
  "timestamp": "2025-04-30T10:04:10.017937",
  "additional_info": {
    "training_time": 58.12927293777466,
    "epochs": 50,
    "final_train_loss": null
  }
}