{
  "error": 0.026582548394799232,
  "elapsed_time": 187.34449768066406,
  "timestamp": "2025-04-29T22:10:49.561644",
  "additional_info": {
    "training_time": 187.34449768066406,
    "epochs": 400,
    "final_train_loss": null
  }
}