{
  "input_size": 3883,
  "output_size": 214,
  "hidden_sizes": [
    768,
    512,
    256
  ],
  "lr": 0.016241015235217073,
  "weight_decay": 2.353940520349613e-05,
  "batch_size": 256,
  "max_epochs": 600,
  "dropout_rate": 0.265677315784074,
  "activation": "elu",
  "optimizer": "sgd_momentum",
  "learning_rate_schedule": "cosine",
  "batch_norm": "false"
}