{
  "error": 0.05189080039660136,
  "elapsed_time": 233.29093766212463,
  "timestamp": "2025-04-29T20:13:33.868261",
  "additional_info": {
    "training_time": 233.29093766212463,
    "epochs": 600,
    "final_train_loss": null
  }
}