{
  "error": 0.07597195046643417,
  "elapsed_time": 444.1190526485443,
  "timestamp": "2025-04-29T20:34:42.609497",
  "additional_info": {
    "training_time": 444.1190526485443,
    "epochs": 100,
    "final_train_loss": null
  }
}