{
  "input_size": 3883,
  "output_size": 214,
  "hidden_sizes": [
    768,
    512,
    256
  ],
  "lr": 7.071887408090249e-05,
  "weight_decay": 1.5260381674960605e-05,
  "batch_size": 128,
  "max_epochs": 300,
  "dropout_rate": 0.13869059149056634,
  "activation": "sigmoid",
  "optimizer": "rmsprop",
  "learning_rate_schedule": "step",
  "batch_norm": "false"
}