{
  "error": 0.053425206492344536,
  "elapsed_time": 1106.0591146945953,
  "timestamp": "2025-04-29T23:49:39.741907",
  "additional_info": {
    "training_time": 1106.0591146945953,
    "epochs": 600,
    "final_train_loss": null
  }
}