{
  "error": 0.008961305565511187,
  "elapsed_time": 919.6662395000458,
  "timestamp": "2025-04-30T11:18:43.677323",
  "additional_info": {
    "training_time": 919.6662395000458,
    "epochs": 300,
    "final_train_loss": null
  }
}