{
  "error": 0.016548306681215763,
  "elapsed_time": 31.117368698120117,
  "timestamp": "2025-04-30T10:07:58.485874",
  "additional_info": {
    "training_time": 31.117368698120117,
    "epochs": 50,
    "final_train_loss": null
  }
}