{
  "error": 0.051552895456552505,
  "elapsed_time": 203.7879581451416,
  "timestamp": "2025-04-24T14:57:36.025457",
  "additional_info": {
    "training_time": 203.7879581451416,
    "epochs": 50,
    "final_train_loss": null
  }
}