{
  "input_size": 3883,
  "output_size": 214,
  "hidden_sizes": [
    1024,
    512,
    256
  ],
  "lr": 0.0022093834415066287,
  "weight_decay": 0.00033361013094697806,
  "batch_size": 128,
  "max_epochs": 50
}