{
  "error": 0.08162820144068628,
  "elapsed_time": 83.03233861923218,
  "timestamp": "2025-04-24T14:46:25.571740",
  "additional_info": {
    "training_time": 83.03233861923218,
    "epochs": 50,
    "final_train_loss": null
  }
}