{
  "error": 0.1027566118254548,
  "elapsed_time": 649.4624452590942,
  "timestamp": "2025-04-29T14:21:26.747130",
  "additional_info": {
    "training_time": 649.4624452590942,
    "epochs": 200,
    "final_train_loss": null
  }
}