{
  "error": 0.023188246103624504,
  "elapsed_time": 359.16493225097656,
  "timestamp": "2025-04-30T13:23:24.257204",
  "additional_info": {
    "training_time": 359.16493225097656,
    "epochs": 200,
    "final_train_loss": null
  }
}