{
  "error": 0.0237816891943415,
  "elapsed_time": 520.6828191280365,
  "timestamp": "2025-04-20T14:02:42.191050",
  "additional_info": {
    "training_time": 520.6828191280365,
    "epochs": 50,
    "final_train_loss": null
  }
}