{
  "input_size": 3883,
  "output_size": 214,
  "hidden_sizes": [
    2048,
    1024,
    1024,
    512
  ],
  "lr": 0.0008131129751482001,
  "weight_decay": 0.0004337249850087842,
  "batch_size": 32,
  "max_epochs": 100,
  "dropout_rate": 0.40997345870405005,
  "activation": "tanh",
  "optimizer": "adamw",
  "learning_rate_schedule": "cosine",
  "batch_norm": "true"
}