{
  "error": 0.06488431191870145,
  "elapsed_time": 473.20451498031616,
  "timestamp": "2025-04-29T23:35:03.589882",
  "additional_info": {
    "training_time": 473.20451498031616,
    "epochs": 100,
    "final_train_loss": null
  }
}