{
  "error": 0.11666507206179878,
  "elapsed_time": 112.4885892868042,
  "timestamp": "2025-04-30T13:21:58.110496",
  "additional_info": {
    "training_time": 112.4885892868042,
    "epochs": 50,
    "final_train_loss": null
  }
}