{
  "error": 0.019912059574077528,
  "elapsed_time": 91.39353680610657,
  "timestamp": "2025-04-24T14:46:33.747636",
  "additional_info": {
    "training_time": 91.39353680610657,
    "epochs": 200,
    "final_train_loss": null
  }
}