{
  "error": 0.17958400008224307,
  "elapsed_time": 1602.7175278663635,
  "timestamp": "2025-04-29T14:47:24.896047",
  "additional_info": {
    "training_time": 1602.7175278663635,
    "epochs": 600,
    "final_train_loss": null
  }
}