{
  "input_size": 3883,
  "output_size": 214,
  "hidden_sizes": [
    3072,
    1536,
    768,
    384
  ],
  "lr": 0.00758183976309079,
  "weight_decay": 1.633595410612569e-05,
  "batch_size": 32,
  "max_epochs": 400,
  "dropout_rate": 0.023482983387527523,
  "activation": "sigmoid",
  "optimizer": "adamw",
  "learning_rate_schedule": "cosine",
  "batch_norm": "true"
}