{
  "error": 0.015964332036674023,
  "elapsed_time": 309.6533770561218,
  "timestamp": "2025-04-24T15:01:55.831209",
  "additional_info": {
    "training_time": 309.6533770561218,
    "epochs": 200,
    "final_train_loss": null
  }
}