{
  "error": 0.021535732472936314,
  "elapsed_time": 81.7307620048523,
  "timestamp": "2025-04-29T14:16:27.243537",
  "additional_info": {
    "training_time": 81.7307620048523,
    "epochs": 50,
    "final_train_loss": null
  }
}