{
  "error": 0.026715700429948894,
  "elapsed_time": 991.4736657142639,
  "timestamp": "2025-04-29T23:19:34.305638",
  "additional_info": {
    "training_time": 991.4736657142639,
    "epochs": 200,
    "final_train_loss": null
  }
}