{
  "error": 0.1979186927730387,
  "elapsed_time": 11495.756749868393,
  "timestamp": "2025-04-29T22:58:01.769827",
  "additional_info": {
    "training_time": 11495.756749868393,
    "epochs": 500,
    "final_train_loss": null
  }
}