{
  "error": 0.07639724982991106,
  "elapsed_time": 1601.5490005016327,
  "timestamp": "2025-04-30T10:34:55.154100",
  "additional_info": {
    "training_time": 1601.5490005016327,
    "epochs": 200,
    "final_train_loss": null
  }
}