{
  "error": 0.06523162720813638,
  "elapsed_time": 853.0537626743317,
  "timestamp": "2025-04-29T14:14:37.487216",
  "additional_info": {
    "training_time": 853.0537626743317,
    "epochs": 50,
    "final_train_loss": null
  }
}