{
  "error": 0.05088992381379718,
  "elapsed_time": 388.8137516975403,
  "timestamp": "2025-04-30T13:32:24.597080",
  "additional_info": {
    "training_time": 388.8137516975403,
    "epochs": 100,
    "final_train_loss": null
  }
}