{
  "error": 0.025973463769663464,
  "elapsed_time": 77.57731485366821,
  "timestamp": "2025-04-29T23:34:44.167259",
  "additional_info": {
    "training_time": 77.57731485366821,
    "epochs": 150,
    "final_train_loss": null
  }
}