{
  "input_size": 3883,
  "output_size": 214,
  "hidden_sizes": [
    2048,
    1024,
    512
  ],
  "lr": 0.0005991503248408788,
  "weight_decay": 0.0003895421185245975,
  "batch_size": 32,
  "max_epochs": 500,
  "dropout_rate": 0.17347660094811385,
  "activation": "leaky_relu",
  "optimizer": "sgd_momentum",
  "learning_rate_schedule": "none",
  "batch_norm": "false"
}