{
  "error": 0.0464443542240631,
  "elapsed_time": 4943.797572135925,
  "timestamp": "2025-04-29T23:40:28.681672",
  "additional_info": {
    "training_time": 4943.797572135925,
    "epochs": 500,
    "final_train_loss": null
  }
}